"","FID_site","abate_yr1","abate_yr2","abate_yr3","abate_yr4","abate_yr5","abate_yr6","abate_yr7","abate_yr8","abate_yr9","abate_yr10","abate_yr11","abate_yr12","abate_yr13","abate_yr14","abate_yr15","abate_yr16","abate_yr17","abate_yr18","abate_yr19","abate_yr20","abate_yr21","abate_yr22","abate_yr23","abate_yr24","abate_yr25","abate_yr26","abate_yr27","abate_yr28","abate_yr29","abate_yr30","abate_yr31","abate_yr32","abate_yr33","abate_yr34","abate_yr35","abate_yr36","abate_yr37","abate_yr38","abate_yr39","abate_yr40","abate_yr41","abate_yr42","abate_yr43","abate_yr44","abate_yr45","abate_yr46","abate_yr47","abate_yr48","abate_yr49","abate_yr50","abate_yr51","abate_yr52","abate_yr53","abate_yr54","abate_yr55","abate_yr56","abate_yr57","abate_yr58","abate_yr59","abate_yr60","abate_yr61","abate_yr62","abate_yr63","abate_yr64","abate_yr65","abate_yr66","abate_yr67","abate_yr68","abate_yr69","abate_yr70","abate_yr71","abate_yr72","abate_yr73","abate_yr74","abate_yr75","abate_yr76","abate_yr77","abate_yr78","abate_yr79","abate_yr80","abate_yr81","abate_yr82","abate_yr83","abate_yr84","abate_yr85","abate_yr86","abate_yr87","abate_yr88","abate_yr89","abate_yr90","abate_yr91","abate_yr92","abate_yr93","abate_yr94","abate_yr95","abate_yr96","abate_yr97","abate_yr98","abate_yr99","abate_yr100","abate_CO2eMg_25yrs","abate_CO2eMg_100yrs"
"0",0,5.96356838298311,5.96432072271204,6.06727213230908,7.08992929513871,10.1396636147756,15.0595012644864,20.8052706480352,26.4022509061612,31.2779901947409,35.2083562497743,38.18181283302,40.291421039991,41.6689463390849,42.4501051028043,42.7586124412344,42.7004304038815,42.3630899025652,41.817270494241,41.1191820446808,40.3130429489035,39.4333459356931,38.5068030134379,37.5539570085499,36.5904887672136,35.628263532177,34.6761615386906,33.7407338397039,32.8267184288609,31.9374456115744,31.0751560219813,30.2412499477303,29.436482724357,28.6611178164338,27.915046700848,27.1978826937046,26.5090343131279,25.8477625579738,25.2132255353557,24.6045131302777,24.0206738329713,23.46073538796,22.9237205754579,22.408659158753,21.9145968138535,21.4406016867346,20.9857690889537,20.5492247361897,20.1301268503635,19.7276673795934,19.3410725375718,18.9696028221925,18.6125526400117,18.2692496367349,17.9390538128429,17.621356486711,17.3155791542037,17.0211722830375,16.7376140717169,16.4644091960458,16.2010875608176,15.9472030699809,15.7023324251641,15.4660739597232,15.2380465133467,15.0178883505492,14.8052561250848,14.5998238912611,14.4012821623546,14.2093370157245,14.0237092437447,13.844133549367,13.6703577848569,13.5021422320959,13.3392589227261,13.1814909963591,13.0286320950314,12.8804857921115,12.7368650538697,12.5975917319658,12.4624960851719,12.3314163286866,12.2041982094825,12.0806946061782,11.9607651520184,11.8442758795908,11.7310988860022,11.6211120172881,11.5141985709088,11.4102470152464,11.309150725074,11.2108077320388,11.1151204892529,11.0219956491394,10.9313438537277,10.8430795366684,10.7571207362289,10.6733889186464,10.5918088111931,10.5123082443766,10.4348180027458,765.354895218595,1328.69041293832
"1",1,3.39923329002774,3.39956123632431,3.44443794854016,3.89021612070318,5.21960102114128,7.36416746485408,9.86875909787173,12.3084932725158,14.4338371580391,16.147091080885,17.4432263732031,18.3628085407808,18.9632743980181,19.3037829658127,19.4382618923023,19.4129002332766,19.2658528770959,19.0279291749818,18.7236311126752,18.3722335713619,17.9887719961052,17.5848902013787,17.1695428436811,16.749565233226,16.3301294515444,15.9151064098098,15.5073517242697,15.1089306952251,14.7212950090413,14.3454213623341,13.9819201431115,13.6311206035479,13.2931375883437,12.9679237920708,12.6553106584954,12.3550403595603,12.0667907632831,11.7901948869781,11.5248560098144,11.2703593669023,11.026281150259,10.79219538795,10.567679151976,10.3523164507218,10.1457010872734,9.9474387062444,9.75714820546233,9.57446265228628,9.39902981538795,9.23051239986697,9.06858805537058,8.91294921239546,8.76330279044563,8.61936981253236,8.48088495319563,8.34759604139956,8.21926353499286,8.09565997972653,7.97656946285606,7.86178706900058,7.75111834405608,7.64437877146971,7.54139326399929,7.44199567315129,7.34602831775031,7.25334153252484,7.16379323713722,7.07724852574528,6.99357927691943,6.91266378353268,6.83438640210494,6.75863722096665,6.68531174654108,6.61431060699416,6.54553927247653,6.47890779116546,6.41433054032449,6.35172599160067,6.2910164897989,6.23212804440012,6.17499013310644,6.11953551673441,6.0657000647984,6.01342259116691,5.96264469919412,5.91331063576935,5.86536715375076,5.81876338228278,5.77345070452432,5.72938264233931,5.68651474753186,5.64480449923086,5.60421120705274,5.56469591969086,5.52622133861319,5.48875173654715,5.45225288047839,5.41669195888389,5.38203751294688,5.34825937152256,353.612198556346,639.156338820955
"2",2,3.91960812603355,3.92000741577144,3.97464688218824,4.51740236191441,6.13598977698897,8.74709830954474,11.7965541110718,14.7670429664099,17.3547471480054,19.4407127983086,21.0188172823363,22.1384509738862,22.8695458429388,23.2841307252973,23.4478650192081,23.4169860299019,23.2379490933039,22.9482660151654,22.5777690929281,22.1499263832129,21.6830442336785,21.1912995253502,20.68559496542,20.1742528592537,19.6635704546031,19.1582607643125,18.661800632837,18.1767046585258,17.7047403364667,17.2470968398255,16.8045173441475,16.3774027291368,15.9658928235118,15.5699300307327,15.1893091258124,14.8237161912027,14.4727590163613,14.1359907829465,13.8129284650537,13.5030670673046,13.2058905839381,12.9208803744823,12.6475215045961,12.3853074853067,12.1337437531412,11.8923501622327,11.6606627031134,11.4382346183734,11.224637050129,11.019459326286,10.8223089704262,10.632811502497,10.4506100834805,10.2753650460291,10.1067533441608,9.94446794801184,9.78821720396743,9.63772417599139,9.49272598036141,9.3529731231525,9.21822884752662,9.0882684960725,8.9628788919994,8.84185774185523,8.72501306153818,8.612162626679,8.50313344791519,8.3977612711633,8.29589010267506,8.19737175841134,8.10206543710276,8.00983731622352,7.92056017002569,7.83411300871919,7.75038073785359,7.66925383693698,7.59062805633962,7.51440413153244,7.44048751373468,7.36878811607764,7.29922007441182,7.23170152193091,7.16615437681156,7.10250414211736,7.0406797172393,6.9806132201943,6.92223982013194,6.86549757943984,6.81032730487226,6.75667240715537,6.70447876856115,6.65369461796836,6.60427041295874,6.55615872852039,6.50931415197069,6.46369318370788,6.41925414345848,6.37595708168025,6.3337636958132,6.29263725109731,425.061278392721,761.768678518278
"3",3,4.49126815957036,4.49175116373598,4.55784625054287,5.21439494876339,7.17233273109483,10.3308819710341,14.0196816452145,17.6129582935401,20.743196264907,23.2665020322301,25.1754692989762,26.529843543234,27.4142185564431,27.9157246212952,28.1137871771545,28.0764341498915,27.8598606245241,27.5094430701139,27.06126837437,26.5437248679491,25.9789569771599,25.3841138845159,24.7723841408129,24.1538348922301,23.5360836570945,22.9248315707481,22.3242844271191,21.7374840310978,21.1665684478764,20.6129761707051,20.0776061880877,19.5609434275059,19.0631570339365,18.5841773352441,18.1237560793094,17.681513533149,17.2569752560053,16.8496007503401,16.4588057198347,16.0839792926126,15.7244972779962,15.3797322982079,15.0490614586222,14.7318720806237,14.4275659113776,14.135562138427,13.855299468844,13.5862374787976,13.3278573967675,13.0796624498258,12.8411778755958,12.611950681155,12.3915492132057,12.1795625903044,11.9756000371816,11.7792901525986,11.590280135325,11.4082349873723,11.2328367092504,11.0637834985497,10.900788960384,10.74358133604,10.5919027544324,10.4455085095979,10.3041663663646,10.1676558955024,10.0357678389847,9.90830350548777,9.7850741958714,9.6659006580753,9.55061257066823,9.43904805411441,9.33105320872548,9.22648167819154,9.12519423754961,9.02705840442207,8.9319480723738,8.83974316523834,8.75032931129354,8.66359753620639,8.57944397369148,8.49776959288295,8.41847994145117,8.34148490355493,8.26669847174884,8.19403853202523,8.12342666120453,8.05478793593675,7.98805075261786,7.92314665756027,7.86001018680236,7.79857871497502,7.73879231267832,7.68059361185058,7.62392767866109,7.56874189345332,7.51498583733642,7.46261118501304,7.41157160347163,7.36182265620301,507.925961296398,902.720952466242
"4",4,3.51455092142715,3.51491467283818,3.56469101598192,4.05913916443035,5.53366605615203,7.91237585742655,10.6904183298877,13.3965222189717,15.7539107467996,17.6542174079867,19.0918645056803,20.1118464798957,20.777871085535,21.1555563141766,21.3047176243536,21.2765869842058,21.113485025568,20.8495848587845,20.5120635917518,20.122300533528,19.6969726962164,19.2489951637465,18.788300260315,18.3224695740081,17.8572398732374,17.3969046945243,16.9446314297563,16.5027108683297,16.0727531914517,15.6558417312894,15.252653517898,14.8635537511414,14.4886698144429,14.1279492375767,13.7812050613713,13.4481513081511,13.1284306756251,12.8216361140074,12.5273275885622,12.2450450504476,11.9743184204058,11.7146752189674,11.465646342934,11.2267703828051,10.9975967931643,10.7776881629793,10.5666217814145,10.3639906541929,10.1694040934366,9.98248797845195,9.80288476473587,9.63025330240495,9.46426851249028,9.30462095934841,9.1510163493359,9.00317497943102,8.86083115431584,8.72373258632959,8.59163978941526,8.46432547556958,8.34157396022633,8.22318058135041,8.10895113570777,7.99870133474386,7.89225628168247,7.7894499708261,7.69012480953281,7.59413116296616,7.50132692142316,7.41157708981579,7.32475339873075,7.24073393636323,7.15940280054763,7.08064977005185,7.00436999427554,6.93046370047301,6.85883591763369,6.78939621615449,6.72205846246086,6.65674058776289,6.59336437015159,6.53185522928221,6.47214203291487,6.41415691462784,6.35783510204058,6.30311475492834,6.24993681263647,6.19824485023901,6.1479849429174,6.09910553806148,6.05155733462977,6.0052931693305,5.96026790921176,5.91643835027063,5.87376312172843,5.83220259561573,5.79171880136417,5.75227534509487,5.71383733332341,5.67637130082514,385.824260962905,689.753555578626
"5",5,2.12038452762573,2.12122097050609,2.23568119408462,3.37265996843855,6.76332041152541,12.2331407817373,18.6212227987368,24.8438827333326,30.2646750397786,34.6344119784507,37.9402676889401,40.285706454452,41.8172236462659,42.6857072065746,43.0287022084939,42.9640160713178,42.5889646819888,41.9821287799374,41.2060018640749,40.3097454504987,39.3317081685662,38.3015881298846,37.2422246186684,36.1710514239954,35.101260189798,34.042723862121,33.0027258282269,31.9865337363577,30.9978501827539,30.0391662793419,29.1120388502388,28.217307669029,27.3552656526719,26.5257921463871,25.7284572393529,24.9626033286476,24.2274088010803,23.5219376495729,22.8451780184718,22.1960720298779,21.5735387410472,20.9764916899718,20.4038521783473,19.8545591994529,19.3275767284259,18.8218989427933,18.3365538230433,17.8706054897401,17.4231555598563,16.9933437464455,16.5803478793526,16.1833834876932,15.8017030554967,15.4345950384691,15.0813827112005,14.7414228992754,14.4141046388588,14.0988477968951,13.7951016774932,13.50234363407,13.2200777020345,12.947833263,12.6851637484929,12.4316453887497,12.1868760103112,11.9504738846685,11.7220766290531,11.5013401595939,11.2879376963922,11.0815588195381,10.8819085747459,10.6887066269901,10.5016864603526,10.3205946221675,10.145190009485,9.97524319583363,9.81053579628547,9.65085986883571,9.49601735015588,9.34581952385085,9.20008651939123,9.05864683998971,8.92133691774297,8.78800069446529,8.65848922668893,8.53266031341031,8.41037814522058,8.29151297354375,8.17594079877682,8.06354307618724,7.95420643850306,7.84782243418729,7.7442872804499,7.64350163010065,7.54537035143079,7.44980232030477,7.35671022376486,7.26601037443571,7.17762253508461,7.09146975274845,738.166896987673,1138.98481436902
"6",6,9.66807580906067,9.67300433376241,10.3474317842454,17.0467870018659,37.0253822429959,69.2548929983293,106.895024508692,143.560448912943,175.501074403038,201.248626265962,220.727531415579,234.547426549742,243.571497993542,248.688814167257,250.709824064325,250.328677625734,248.118783704535,244.543159112108,239.97003072959,234.689070155784,228.926236833354,222.856519252357,216.614492025194,210.302879273421,203.999409368578,197.76225610783,191.634334978745,185.646684244776,179.821120502678,174.172321989248,168.709461890483,163.437488356402,158.358127324907,153.470667868714,148.772576848795,144.259979508943,139.928034704588,135.771227254583,131.783595059542,127.958904845825,124.290787436122,120.772841132279,117.398709981768,114.162142275173,111.057033502253,108.07745711259,105.217685731026,102.472204928511,99.8357212139448,97.3031655675962,94.8696935631282,92.5306829074686,90.2817290548758,88.1186394134694,86.0374265526932,84.0343007326039,82.1056620058256,80.2480920874244,78.4583461433957,76.7333446130708,75.0701651525629,73.4660347639812,71.9183221573645,70.4245303782934,68.9822897230205,67.5893509544132,66.2435788251429,64.9429459094312,63.6855267407088,62.4694922494357,61.29310449329,60.1547116701805,59.0527434035562,57.9857062887225,56.9521796885127,55.9508117664067,54.9803157453436,54.0394663805023,53.1270966346232,52.2420945448492,51.3834002703138,50.5500033102733,49.7409398828953,48.9552904554285,48.1921774167684,47.450762884048,46.7302466352295,46.0298641601749,45.3488848230922,44.6866101296117,44.0423720922193,43.415531688106,42.8054774038545,42.2116238616789,41.6334105224349,41.0703004605733,40.5217792069305,39.9873536551554,39.4665510279758,38.9589178998339,4278.815100532,6499.24441269821
"7",7,3.70333310906333,3.70364319207388,3.74607546276372,4.16757202823993,5.42454512544591,7.45229669989914,9.82046283534486,12.1273043083081,14.1368803803197,15.7568130943067,16.9823476947419,17.8518400779746,18.4195984661505,18.7415594790557,18.8687133174082,18.8447331119122,18.7056954481976,18.4807314873112,18.1930085880025,17.8607517256674,17.4981773623276,17.116295072063,16.7235717498338,16.3264703854381,15.929881336318,15.5374646645106,15.1519204404001,14.7752014670575,14.4086803572649,14.053280606821,13.7095793558035,13.3778879219694,13.0583148944103,12.7508155444324,12.455230497086,12.1713159682487,11.8987673725173,11.6372377168104,11.3863518897428,11.145717718733,10.9149344806854,10.6935994064234,10.4813126049017,10.2776807436335,10.0823197513139,9.89485675315645,9.71493140568328,9.54219676313181,9.37631978026924,9.21698153470112,9.06387723454878,8.91671606366778,8.77522090570256,8.63912797958454,8.50818641217298,8.38215776822771,8.26081555349586,8.14394470319691,8.03134106538727,7.92281088645889,7.81817030425318,7.71724485286275,7.61986898207486,7.52588559353039,7.43514559497221,7.34750747341949,7.26283688767281,7.18100628023228,7.10189450846259,7.02538649464298,6.95137289441179,6.87974978300528,6.81041835862817,6.74328466224569,6.67825931306419,6.61525725895074,6.55419754105274,6.49500307187934,6.43760042612606,6.38191964354898,6.32789404321079,6.27546004845686,6.22455702199914,6.17512711052428,6.12711509826087,6.08046826897887,6.03513627591661,5.99107101916193,5.9482265300407,5.90655886208817,5.86602598820864,5.82658770364947,5.78820553443865,5.75084265095331,5.71446378631827,5.67903515933108,5.64452440165502,5.61090048901587,5.57813367616352,5.54619543538014,346.582301538167,641.03563724094
"8",8,4.85862000204829,4.85914791774366,4.93138877237017,5.64898581860669,7.78897996241357,11.2412228975016,15.2730209309524,19.2004138511392,22.6217130302533,25.379645184091,27.4661153510291,28.9464243666625,29.9130318688392,30.4611698390811,30.677648990498,30.6368227393691,30.4001113994214,30.0171107131423,29.5272630617259,28.9615964287509,28.3443143119209,27.6941604887354,27.0255498306592,26.3494855646909,25.6742935144382,25.0062049280821,24.3498166699651,23.7084533833473,23.0844519387013,22.4793845857476,21.8942339042959,21.3295299121948,20.7854574821522,20.2619404636576,19.7587075211832,19.2753436127558,18.8113301823456,18.3660764749363,17.9389438641571,17.5292646769849,17.1363566831635,16.7595341689883,16.3981163207672,16.0514334907407,15.7188317982929,15.3996764248572,15.0933538863948,14.7992735084501,14.5168682821908,14.2455952428886,13.9849354829892,13.7343938885978,13.4934986696821,13.2618007395088,13.0388729870657,12.8243094768407,12.6177246028288,12.418752217678,12.2270447531192,12.0422723440284,11.8641219654543,11.6922965895439,11.5265143673966,11.3665078393752,11.2120231762148,11.0628194523531,10.9186679521712,10.7793515092846,10.6446638786029,10.5144091405403,10.3884011365433,10.2664629349129,10.1484263257932,10.0341313441186,9.92342581926952,9.8161649501624,9.71221090451523,9.61143244103148,9.51370455327947,9.41890813408609,9.32692965929106,9.23766088976909,9.15099859066046,9.06684426681676,8.98510391349936,8.90568778143375,8.82851015536047,8.75348914527683,8.68054648960852,8.6096073695886,8.54060023417203,8.47345663484918,8.40811106976085,8.34450083654894,8.28256589343013,8.22224872797588,8.16349423315872,8.10624959021481,8.05046415791629,7.99608936788152,553.898236836084,982.889587991442
"9",9,2.38786928502001,2.38818944662774,2.43200088918077,2.86719731549608,4.16502568394433,6.25868506562937,8.70382346883918,11.0856439801766,13.1605371028766,14.8331223283384,16.0984903576902,16.9962437651556,17.5824559476096,17.9148816272136,18.0461683340953,18.0214087023711,17.8778519113366,17.6455759692614,17.348501241246,17.0054450672447,16.6310859855266,16.23679141326,15.8313034440479,15.4212951336013,15.0118157901626,14.6066444384004,14.2085689088173,13.8196054762479,13.4411713673705,13.0742200942758,12.7193475557679,12.3768751883337,12.0469151105254,11.7294211398367,11.42422872117,11.1310861467118,10.8496789311499,10.5796488031214,10.3206084590331,10.0721529795573,9.83386861693551,9.60533951082469,9.38615277256076,9.17590228521043,8.97419149403751,8.78063540474338,8.59486196164213,8.41651294222765,8.24524447633115,8.08072727565538,7.92264664170163,7.77070230595733,7.62460814498163,7.4840918040562,7.3488942559356,7.21876931554284,7.09348312690493,6.97281363501222,6.85655005239087,6.74449232787862,6.63645062326347,6.53224480199005,6.43170393298356,6.33466581173257,6.24097650004918,6.15048988537028,6.0630672600178,5.97857692050318,5.89689378670412,5.81789904054015,5.74147978364075,5.66752871338592,5.59594381663551,5.5266280804136,5.4594892187915,5.39443941519531,5.3313950793749,5.2702766182724,5.21100822004798,5.15351765054688,5.09773606150793,5.04359780985085,4.99104028739986,4.94000376044112,4.89043121853052,4.84226823200766,4.79546281769507,4.74996531229396,4.70572825301496,4.66270626500577,4.62085595516817,4.58013581197848,4.54050611094899,4.50192882538728,4.46436754214244,4.42778738202497,4.39215492463333,4.3574381373144,4.32360630801118,4.29062998177226,321.951409255952,554.183687827438
"10",10,7.68495071455803,7.68584705512809,7.80850377737614,9.02690162221506,12.6603673206271,18.5218816259484,25.3674143111026,32.0356790355563,37.8446543765834,42.5273082560425,46.0698963534302,48.5832920311333,50.224481196604,51.1551568802899,51.5227137604669,51.4533954478439,51.0514866217782,50.4011951898642,49.5694898115948,48.6090524601194,47.5609779108334,46.4570909576507,45.3218664063391,44.1739864799258,43.0275874762026,41.8932493430584,40.7787770312482,39.6898154053996,38.6303322047365,37.6029969297551,36.6094778887755,35.6506749915836,34.7269021309277,33.8380300119361,32.9835979378656,32.1629012148375,31.3750593939254,30.6190694405677,29.8938470401089,29.1982585599949,28.531145651152,27.8913440500087,27.2776978126553,26.6890699536609,26.1243502584036,25.5824608774449,25.0623601849386,24.5630452831055,24.0835534556934,23.6229628105922,23.1803923020273,22.75500128314,22.3459887083277,21.9525920795968,21.5740862112184,21.2097818710456,20.8590243441125,20.5211919540244,20.195694569548,19.8819721173688,19.5794931168623,19.2877532486512,19.0062739654849,18.7346011514399,18.4723038334082,18.2189729472955,17.9742201600967,17.7376767480887,17.5089925306582,17.2878348587198,17.0738876563065,16.8668505135963,16.6664378294615,16.4723780014863,16.2844126613342,16.1022959533,15.9257938539072,15.7546835304203,15.5887527361923,15.4277992408436,15.271630293313,15.1200621159252,14.9729194276762,14.830034995051,14.6912492087373,14.5564096847153,14.4253708882617,14.2979937795028,14.1741454792217,14.0536989536955,13.9365327174199,13.8225305526413,13.7115812446822,13.6035783320984,13.4984198707977,13.3960082112435,13.2962497879957,13.1990549208245,13.1043376267074,13.0120154420783,926.345177079214,1626.50194337293
"11",11,3.95128621705672,3.95168079946292,4.00567610684736,4.54203289955191,6.141538362121,8.72186384981879,11.735368815308,14.6708377966945,17.2280348534777,19.2894085064032,20.8489083018411,21.9553423374893,22.6778181369518,23.0875153691525,23.2493193564325,23.2188044076482,23.0418781845582,22.7556102563753,22.3894812197447,21.966682460199,21.5053045070522,21.0193571063526,20.5196144304112,20.0143006707481,19.5096388352063,19.0102863736824,18.5196791411987,18.0403020908432,17.5739018802394,17.1216536630784,16.6842918534133,16.2622126048723,15.855554097696,15.4642594143655,15.088125749345,14.7268428859429,14.3800232374899,14.0472252533032,13.7279716019977,13.4217632417182,13.1280902500312,12.8464401008537,12.5763039305409,12.3171812212518,12.0685832400518,11.8300355016405,11.6010794668791,11.3812736452986,11.1701942349334,10.9674354052107,10.7726093067199,10.5853458742523,10.4052924756589,10.2321134480197,10.0654895538268,9.90511738287205,9.75070871992195,9.60198989381199,9.45870112002517,9.32059584598596,9.18744010604492,9.05901189133605,8.93510053826584,8.81550613827288,8.70003897060641,8.58851895918815,8.48077515407268,8.37664523761113,8.2759750551065,8.17861816950028,8.08443543946625,7.99329462014756,7.90506998569405,7.81964197269607,7.73689684358196,7.65672636902563,7.57902752842366,7.50370222750259,7.4306570321421,7.35980291753127,7.29105503179561,7.22433247327813,7.15955808068261,7.09665823533661,7.03556267485488,6.97620431753289,6.91851909682816,6.8624458053271,6.8079259476287,6.75490360160496,6.70332528753599,6.65313984464388,6.60429831457899,6.55675383143533,6.51046151791235,6.46537838723652,6.42146325051407,6.3786766291784,6.33698067222848,6.29633907798002,421.997303786905,758.629540941302
"12",12,4.94484982580739,4.94545410031655,5.02814402098617,5.84953578237712,8.29906308794029,12.2506455534383,16.8656111607203,21.3610702840613,25.2772332249713,28.4340783674063,30.8223398778168,32.5167638391903,33.6231834418776,34.2506052174041,34.4983963592703,34.4516649150682,34.18071515924,33.742316464643,33.1816162397461,32.5341304195965,31.8275633456693,31.0833699340574,30.3180500529316,29.5441984587123,28.7713452392867,28.0066229434101,27.255293335354,26.5211619416292,25.8069036424676,25.1143181010285,24.4445300194897,23.7981460785732,23.1753778913563,22.5761382927617,22.000116700732,21.4468380407677,20.9157087518268,20.4060526308703,19.9171386792934,19.4482026504713,18.9984636349583,18.5671367360065,18.153442665629,17.7566149168347,17.3759050303683,17.0105863661979,16.6599567046895,16.3233399350172,16.0000870350232,15.689576504442,15.391214379862,15.1044339330944,14.8286951334246,14.5634839372891,14.3083114554589,14.0627130370733,13.82624730128,13.5984951404199,13.3790587132334,13.1675604422254,12.9636420258705,12.7669634735954,12.5772021692938,12.3940519674153,12.2172223243075,12.0464374664384,11.8814355962906,11.7219681360864,11.5677990090207,11.4187039572952,11.2744698959996,11.1348943016693,10.9997846342287,10.8689577909352,10.7422395908974,10.6194642887048,10.5004741157301,10.3851188476652,10.2732553968906,10.1647474283264,10.0594649974438,9.95728420918751,9.85808689659494,9.76176031797653,9.66819687155459,9.57729382653463,9.48895306962548,9.40308086608575,9.31958763442579,9.23838773393808,9.159399264287,9.08254387642947,9.00774659418244,8.93493564578954,8.86404230490023,8.79500074036982,8.72774787437684,8.66222324834264,8.59836889618783,8.53612922449999,618.601944372535,1078.81693921195
"13",13,14.3989747179221,14.4005507338672,14.6162153556661,16.7584975363059,23.1471405010374,33.4533124144613,45.4896622410093,57.2143257041781,67.4281195101772,75.6615270187035,81.890381892773,86.3096303312436,89.1952972085614,90.8316838301897,91.4779510228888,91.3560701556883,90.6494026907304,89.5060095431529,88.0436402366442,86.3549243279594,84.5121178584401,82.5711776645112,80.5751372598097,78.5568451869159,76.5411569878744,74.5466751527753,72.5871229551734,70.6724256366105,68.8095595858519,67.0032185270114,65.2563358099803,63.5704937263779,61.9462441869316,60.3833598553076,58.8810306985367,57.4380176688436,56.0527726922113,54.7235321549915,53.4483895305321,52.2253515776016,51.0523815964557,49.9274324880179,48.8484717814904,47.8135003403529,46.8205660986102,45.8677738972589,44.9532922684425,44.0753578390145,43.232277886125,42.4224314671172,41.6442694585487,40.8963137695046,40.1771559390885,39.4854552838189,38.8199367255505,38.1793884025312,37.5626591438106,36.9686558694333,36.3963409646077,35.8447296647215,35.3128874790614,34.7999276739383,34.3050088302284,33.8273324858731,33.366140870319,32.9207147351499,32.4903712829689,32.0744621949489,31.6723717562057,31.2835150771561,30.9073364083664,30.5433075458422,30.1909263233911,29.8497151884482,29.5192198576404,29.1990080482785,28.8886682820221,28.5878087569644,28.296056284486,28.0130552873505,27.7384668555987,27.4719678569789,27.2132500987504,26.962019537895,26.7179955368635,26.4809101621789,26.2505075233331,26.0265431495683,25.8087834022752,25.5970049208476,25.3909940999903,25.1905465965791,24.9954668642882,24.8055677142974,24.6206699005477,24.4406017280029,24.2651986826038,24.0943030815712,23.9277637428446,23.765435672546,1650.93975193071,2926.34475213944
"14",14,130.173080483944,130.18660364116,132.037134782917,150.419194189042,205.237562919131,293.670667612048,396.949731193869,497.554339795159,585.194785204507,655.842334488309,709.289626055229,747.209414615543,771.970158295584,786.011331938346,791.556690078269,790.510879511578,784.44725099493,774.636255527915,762.088254284723,747.598064134217,731.785685026169,715.131260006455,698.004042300106,680.685892003135,663.390084497544,646.27624024838,629.4621131314,613.032867641406,597.048365356805,581.54888123123,566.559585157075,552.094054140582,538.157023905119,524.746543769288,511.85566316687,499.473750328615,487.587521855722,476.181844890746,465.240360297388,454.745964876521,444.681182529041,435.028447923371,425.770321247296,416.889648716588,408.369680440216,400.194154823091,392.34735677817,384.814155511656,377.58002645145,370.631060942344,363.953966580842,357.536060464921,351.365257159663,345.430052800813,339.719506457046,334.223219631416,328.931314590264,323.834412055335,318.923608672574,314.190454573999,309.626931271683,305.225430061459,300.978731065173,296.87998300192,292.922683748191,289.100661723402,285.408058118462,281.839309970985,278.389134079869,275.052511743486,271.824674300081,268.701089444203,265.677448290279,262.749653152349,259.913806008001,257.166197613819,254.503297240113,251.921742992737,249.418332690655,246.990015269005,244.633882678111,242.347162250442,240.127209508383,237.971501387383,235.877629849815,233.84329586657,231.866303744399,229.944555778326,228.07604720967,226.258861471151,224.49116570188,222.771206515918,221.097306009108,219.467857989678,217.881324419486,216.336232052671,214.83116926044,213.364783030457,211.935776130435,210.542904426382,14331.5803235798,25606.3805354138
"15",15,8.5428420700913,8.54367834803671,8.65811600164517,9.79487057953931,13.1848624313694,18.6536042287967,25.0404266045386,31.2618595168194,36.6815829181356,41.0504582052325,44.3556620467833,46.7006383242701,48.2318535221152,49.1001658295,49.4430931975576,49.3784198155914,49.0034423811995,48.3967261387794,47.6207522643903,46.7246725801599,45.7468281536273,44.7169112403435,43.6577566209327,42.5867946467709,41.5172143605814,40.4588867616007,39.4190938009081,38.4031020880386,37.4146134891319,36.4561186249017,35.5291740124809,34.6346192598622,33.772747226246,32.943437280643,32.1462595970042,31.3805567020781,30.6455071446844,29.9401751023128,29.2635489188334,28.6145709249462,27.9921603910539,27.395231069384,26.8227044743364,26.2735198084062,25.7466412510204,25.2410631780402,24.7558137616226,24.2899573068744,23.8425956079167,23.4128685474398,22.9999541174092,22.6030680016274,22.2214628315233,21.8544272031099,21.5012845244179,21.1613917478571,20.834138030066,20.5189433523831,20.2152571275072,19.9225568119136,19.6403465388086,19.3681557826052,19.1055380628866,18.8520696934511,18.6073485801424,18.3709930697232,18.1426408508818,17.9219479075958,17.7085875244028,17.5022493426035,17.3026384660732,17.1094746150643,16.9224913262122,16.7414351968283,16.566065171505,16.3961518690104,16.2314769474792,16.0718325059098,15.9170205200291,15.7668523106542,15.6211480427237,15.4797362532671,15.3424534066344,15.2091434754124,15.0796575455029,14.9538534439424,14.8315953881019,14.7127536549898,14.5972042694543,14.4848287101382,14.375513632124,14.2691506052597,14.16563586722,14.0648700904045,13.966758161863,13.8712089754285,13.7781352353601,13.6874532707845,13.5990828602906,13.5129470660893,898.593232026807,1620.47589631444
"16",16,69.7990383844557,5.80677473731196,5.80677473731196,5.80677473731196,5.80677473731196,5.80677473731196,5.80677473731196,5.80677473731196,5.80677473731196,5.80677473731196,5.80677473731196,5.80677473731196,5.80677473731196,5.80677473731196,5.80677473731196,5.80677473731196,5.80677473731196,5.80677473731196,5.80677473731196,5.80677473731196,5.80677473731196,5.80677473731196,5.80677473731196,5.80677473731196,5.80677473731196,5.80677473731196,5.80677473731196,5.80677473731196,5.80677473731196,5.80677473731196,5.80677473731196,5.80677473731196,5.80677473731196,5.80677473731196,5.80677473731196,5.80677473731196,5.80677473731196,5.80677473731196,5.80677473731196,5.80677473731196,5.80677473731196,5.80677473731196,5.80677473731196,5.80677473731196,5.80677473731196,5.80677473731196,5.80677473731196,5.80677473731196,5.80677473731196,5.80677473731196,5.80677473731196,5.80677473731196,5.80677473731196,5.80677473731196,5.80677473731196,5.80677473731196,5.80677473731196,5.80677473731196,5.80677473731196,5.80677473731196,5.80677473731196,5.80677473731196,5.80677473731196,5.80677473731196,5.80677473731196,5.80677473731196,5.80677473731196,5.80677473731196,5.80677473731196,5.80677473731196,5.80677473731196,5.80677473731196,5.80677473731196,5.80677473731196,5.80677473731196,5.80677473731196,5.80677473731196,5.80677473731196,5.80677473731196,5.80677473731196,5.80677473731196,5.80677473731196,5.80677473731196,5.80677473731196,5.80677473731196,5.80677473731196,5.80677473731196,5.80677473731196,5.80677473731196,5.80677473731196,5.80677473731196,5.80677473731196,5.80677473731196,5.80677473731196,5.80677473731196,5.80677473731196,5.80677473731196,5.80677473731196,5.80677473731196,5.80677473731196,209.161632079943,435.508105298397
"17",17,7.25108788657079,7.25183681097912,7.35432086247124,8.37233557197768,11.4082253210765,16.3057288812443,22.0254147764663,27.5969869892145,32.4505923771225,36.3631161467677,39.3230744298028,41.4231058616952,42.7943777484676,43.5719903647288,43.8790972035873,43.8211792893467,43.4853701785964,42.9420285714534,42.2471091634453,41.4446296158138,40.5689260741899,39.6465892851579,38.6980688189378,37.7389743369623,36.7811172185365,35.8333373862046,34.9021561537637,33.992290006267,33.1070541308764,32.2486789901487,31.4185585149885,30.6174446120106,29.8455995497642,29.102915297788,28.3890069275767,27.7032856423452,27.0450157957181,26.4133593166647,25.8074102217464,25.2262213206671,24.6688247716002,24.1342477909459,23.6215245464776,23.1297050464515,22.6578616670864,22.2050938268625,21.7705312103585,21.3533358608305,20.9527033946279,20.5678635381227,20.1980801462517,19.8426508286823,19.5009062833388,19.1722094160431,18.8559543083409,18.5515650822733,18.2584947002133,17.9762237294346,17.7042590943144,17.4421328336896,17.1894008766062,16.9456418462973,16.7104558995243,16.4834636062907,16.2643048732451,16.0526379127958,15.8481382589131,15.6504978298192,15.4594240371641,15.2746389408122,15.0958784480577,14.9228915558156,14.7554396341915,14.5932957497124,14.4362440264492,14.2840790432206,14.1366052650932,13.9936365073956,13.8549954305095,13.7205130637641,13.5900283567961,13.4633877568249,13.3404448103413,13.2210597877987,13.1050993299432,12.9924361145093,12.8829485420625,12.7765204398459,12.6730407825505,12.5724034289849,12.4745068736919,12.3792540126073,12.2865519219148,12.1963116492931,12.1084480168297,12.0228794348655,11.9395277261493,11.8583179596613,11.7791782935299,11.7020398265141,794.745283784612,1421.25306981287
"18",18,3.44490967800644,3.44526165748425,3.49342710986666,3.97187364180438,5.39868104275619,7.70040966380036,10.3885475215223,13.0070749138449,15.2881722728061,17.1269801124474,18.5181012445626,19.5050739731161,20.1495443058562,20.5150066670254,20.6593407327458,20.6321204726191,20.4742969137538,20.218937236563,19.8923390276836,19.5151897066278,19.1036265744028,18.6701467495338,18.2243611206061,17.7736059159743,17.3234322474377,16.8779947016094,16.4403581654116,16.0127392923912,15.5966961541414,15.1932770234082,14.8031370198089,14.4266295243989,14.0638777981453,13.7148310688941,13.3793084279546,13.0570331526258,12.7476595038398,12.4507936049908,12.1660096620014,11.8928625143959,11.630897295893,11.3796568176765,11.1386871579368,10.9075418395741,10.6857848979829,10.4729930778793,10.2687573484399,10.0726838867716,9.884394648663,9.70352762093057,9.52973683013283,9.36269216687594,9.20207907258428,9.04759812574939,8.89896455682868,8.75590771471111,8.61817050266407,8.48550879770576,8.35769086416524,8.23449676966485,8.11571780974687,8.00115594576716,7.89062325940886,7.78394142617007,7.68094120938503,7.5814619757285,7.48535123266262,7.39246418791993,7.30266333083372,7.21581803510496,7.13180418244918,7.0505038064418,6.97180475581002,6.89560037636493,6.82178921074183,6.75027471509825,6.68096499193031,6.61377253816996,6.54861400774711,6.48540998782945,6.42408478797057,6.3645662414379,6.30678551801417,6.25067694761001,6.19617785404604,6.14322839840659,6.09177143139201,6.04175235413239,5.99311898695528,5.94582144562586,5.89981202461142,5.8550450869459,5.81147696029601,5.76906583885173,5.72777169069942,5.68755617033287,5.64838253600919,5.61021557164922,5.57302151301164,5.53676797789271,374.440460502847,670.738753928048
"19",19,261.223290474091,29.040863298029,29.1882272350483,30.6520516384778,35.0174202911634,42.059641941116,50.2840965734431,58.2955754787376,65.2746750389799,70.9005738786747,75.1567591060383,78.1764377307836,80.1482179347922,81.2663631968087,81.7079584713987,81.6246771047648,81.1418102398562,80.3605281065949,79.3612891188279,78.2073871819439,76.9481949498196,75.6219478068678,74.2580506130067,72.8789488232191,71.5016262640685,70.1387940429916,68.7998292919583,67.491513942364,66.2186149703871,64.9843396042644,63.7906922060699,62.6387539578749,61.5289019810497,60.4609809363601,59.4344373271479,58.4484245103394,57.5018846847983,56.593612770858,55.7223060361965,54.886602496299,54.0851104713881,53.3164311758082,52.5791758194272,51.8719783894708,51.1935050365209,50.5424607957857,49.9175942227231,49.3177004020016,48.7416226937357,48.1882535055461,47.656534319223,47.1454551531817,46.6540536041261,46.1814135811627,45.7266638216153,45.2889762586579,44.8675642955735,44.4616810293033,44.0706174562124,43.6937006852668,43.3302921776584,42.9797860270198,42.6416072904897,42.3152103778293,42.000077503362,41.6957172036413,41.4016629222532,41.1174716620383,40.8427227041573,40.5770163927416,40.3199729834278,40.0712315536893,39.8304489726662,39.5972989280245,39.3714710073014,39.1526698311323,38.9406142357928,38.7350365024934,38.5356816309297,38.3423066546797,38.1546799960956,37.9725808584588,37.7957986532396,37.6241324604332,37.4573905200107,37.2953897526534,37.13795530802,36.9849201389006,36.8361245997074,36.6914160678265,36.5506485864617,36.413682527671,36.2803842743771,36.150625920198,36.0242849860514,35.9012441524796,35.7813910067962,35.6646178041383,35.5508212415929,35.439902244641,1840.29661249655,3439.64646913677
"20",20,8.18302071621014,8.18371114639677,8.27819075209658,9.21669412847969,12.0154678134272,16.5304552533379,21.8034090470206,26.9398174747158,31.4143353786775,35.0212741917438,37.7500469851434,39.686056917944,40.9502265646666,41.667104286633,41.9502247587515,41.8968304830497,41.587249510087,41.0863452224855,40.4457020130706,39.7058995741691,38.8985922505616,38.0482939370052,37.1738570042151,36.2896719318394,35.4066275795912,34.5328734339929,33.6744214661485,32.8356197833159,32.019524642262,31.2281922968121,30.4629078058637,29.7243643488868,29.0128037101273,28.3281262967684,27.6699772448787,27.0378137452377,26.4309576086204,25.8486362209527,25.2900143600045,24.7542188151211,24.2403573370908,23.7475331209024,23.2748557699858,22.8214494910438,22.3864591117075,21.9690543897523,21.5684329851396,21.1838223891559,20.8144810439782,20.4596988376661,20.1187971212561,19.7911283641257,19.4760755395738,19.1730513132214,18.8814970914549,18.6008819748644,18.3307016518172,18.0704772595201,17.8197542336801,17.5781011629163,17.3451086601285,17.1203882598901,16.9035713484417,16.6943081309033,16.4922666387653,16.2971317795188,16.1086044293283,15.92640056893,15.7502504623837,15.5798978778759,15.415099349478,15.2556234785272,15.1012502731516,14.9517705243597,14.8069852170621,14.6667049743566,14.5307495334302,14.3989472514361,14.271134639744,14.1471559250202,14.0268626356283,13.9101132119213,13.7967726390397,13.6867121009163,13.5798086542293,13.4759449211304,13.3750087996248,13.276893190548,13.1814957401459,13.0887185973114,12.9984681846005,12.9106549821946,12.8251933240277,12.7420012053379,12.6610001009745,12.5821147937822,12.5052732124898,12.4304062785127,12.357447761139,12.2863341406115,770.129104921319,1422.61763576474
"21",21,4.56292710420947,4.56336347307958,4.62307690911833,5.21623414048806,6.98512798996127,9.83871117028779,13.1713477404993,16.4176842788903,19.2456897165018,21.5253638166886,23.2500153799124,24.4736213045601,25.2726076337532,25.7256919971052,25.9046311033587,25.8708846070293,25.6752218130231,25.3586379755094,24.9537357002967,24.4861623516418,23.9759242544907,23.4385147936413,22.8858491313608,22.3270224049509,21.7689166417359,21.2166825177647,20.6741197467357,20.1439764394471,19.6281842253931,19.1280427075977,18.6443640749106,18.1775864338169,17.7278625979104,17.2951296220797,16.8791632235868,16.4796203336452,16.0960723199738,15.728030871463,15.3749681071076,15.0363321362834,14.7115590355295,14.4000820020074,14.1013382831714,13.8147743561034,13.5398497308197,13.2760396738013,13.0228370863974,12.7797537240889,12.546320904081,12.322089818151,12.1066315434518,11.8995368246934,11.7004156858152,11.5088969170348,11.3246274734409,11.1472718135403,10.9765111999697,10.8120429796585,10.6535798567862,10.5008491687425,10.3535921728049,10.2115633492631,10.0745297251492,9.9422702214904,9.81457502601838,9.69124499251284,9.57209106734808,9.45693374335923,9.34560254079381,9.23793551483936,9.13377878903725,9.03298611373757,8.93541844866303,8.84094356858221,8.74943569106066,8.66077512523536,8.57484794057212,8.49154565456743,8.41076493838332,8.33240733943916,8.25637902000675,8.18259051090524,8.11095647942058,8.04139551062798,7.97382990132229,7.90818546581467,7.84439135288541,7.7823798732268,7.72208633674712,7.66344889913851,7.60640841715337,7.55090831206317,7.49689444080581,7.44431497435365,7.39312028287873,7.34326282728781,7.29469705676374,7.24737931194101,7.20126773337963,7.15632217502973,471.516963432094,853.45860427961
"22",22,4.35124681087391,4.3517229113999,4.41687329277174,5.06403785741219,6.99399058739237,10.1073942835705,13.7434694774703,17.285386968205,20.3708840523531,22.8581238912111,24.7398060473786,26.07482204927,26.9465565785648,27.4408945538044,27.636126176503,27.5993070407829,27.3858290282045,27.0404200362183,26.5986511580831,26.0885049664553,25.5318093745577,24.9454684494691,24.3424822363608,23.7327739904184,23.1238523518162,22.5213369688475,21.929373521496,21.3509603377501,20.7882049231657,20.2425252104271,19.7148073386817,19.2055293042813,18.7148578345923,18.2427242533118,17.7888838566196,17.3529623391037,16.9344920412482,16.5329401909148,16.1477308432059,15.7782618575139,15.4239179647976,15.0840807544693,14.758136235015,14.4454804849126,14.1455238022303,13.8576936761374,13.5814368363368,13.3162205833435,13.0615335605042,12.8168860953293,12.5818102112809,12.3558593901216,12.1386081482287,11.9296514769394,11.7286041863843,11.5351001838098,11.348791710618,11.1693485569889,10.9964572686396,10.8298203568603,10.6691555202432,10.5141948843566,10.3646842638994,10.2203824505214,10.0810605284174,9.94650121898032,9.81649825513482,9.69085578547748,9.56938780796877,9.45191763262076,9.33827737242796,9.22830746161926,9.12185620021402,9.0187793237916,8.91893959734899,8.82220643209599,8.72845552405268,8.63756851331644,8.5494326628946,8.4639405560381,8.38098981103546,8.30048281248152,8.22232645806574,8.14643191998403,8.07271442010629,8.00109301809075,7.93149041167027,7.86383274838376,7.79804944806657,7.73407303544832,7.67183898225209,7.61128555822106,7.55235369053382,7.49498683109764,7.439130831258,7.38473382345778,7.3317461094497,7.28012005465602,7.22980998830876,7.1807721090354,498.770434170547,884.13121635713
"23",23,14.4110382234473,14.4126239829949,14.629621935414,16.785148617655,23.2132888963913,33.5831779576507,45.6939416293916,57.4910919597968,67.7680317927946,76.0523417360773,82.3197060460644,86.7662761621125,89.6697834620984,91.316286923341,91.9665496153006,91.8439152286267,91.1328788441791,89.9824167527853,88.5110064558802,86.8118501856227,84.9576507010018,83.0047107874568,80.9963300101494,78.965559995352,76.9374099526651,74.9305973807017,72.9589303961435,71.0323956026062,69.1580125198641,67.3405038906343,65.5828212000275,63.8865565220641,62.252265179619,60.6797184308682,59.1681012348734,57.716166883538,56.3223577319912,54.9848992631738,53.7018731634728,52.4712738685902,51.2910520870354,50.159148063693,49.0735167621644,48.0321466864151,47.0330737019458,46.0743909330726,45.1542555890236,44.2708933947281,43.422601162202,42.6077479274301,41.8247749896284,41.0721951196942,40.3485911490251,39.6526141054632,38.9829810277863,38.3384725619967,37.7179304201142,37.1202547642972,36.5444015647774,35.9893799687077,35.454249707955,34.9381185666644,34.4401399237006,33.9595103805722,33.4954674818651,33.0472875324628,32.614283513624,32.1958030983381,31.7912267651093,31.3999660083173,31.0214616426488,30.655182198527,30.3006224051541,29.9573017575317,29.6247631637133,29.3025716684537,28.9903132494781,28.6875936825934,28.394037471969,28.1092868420383,27.8330007875564,27.5648541785304,27.3045369168406,27.0517531415695,26.8062204801469,26.567669342617,26.3358422564473,26.1104932394578,25.8913872085855,25.6782994223139,25.4710149547488,25.2693281994295,25.0730424010797,24.881969213598,24.69592828275,24.5147468520074,24.338259390215,24.1663072397316,23.9987382838246,23.8354066322021,1659.22263785425,2938.66488073174
"24",24,6.15910378257678,6.15971770058671,6.24372725380985,7.0782274484747,9.56684628958384,13.5814913002766,18.2701062568313,22.8373075484333,26.8159677811517,30.0231924085666,32.4495677254717,34.1710326732288,35.2951094137357,35.9325440928067,36.1842896858881,36.1368124635484,35.8615386726351,35.4161436575177,34.846495325481,34.1886764035543,33.4708333614747,32.7147635102179,31.93723003618,31.151028693079,30.3658416576431,29.5889153056027,28.8255953727139,28.0797481171541,27.3540911070546,26.6504527260532,25.9699756252337,25.3132761672191,24.6805693421792,24.071766593986,23.4865523840626,22.9244440562871,22.3848385770906,21.8670489520399,21.370332516664,20.893912827873,20.4369965138373,19.9987861517929,19.5784900172454,19.1753293706662,18.7885438082823,18.4173950937534,18.0611698008572,17.719181028845,17.3907693979392,17.0753034894711,16.7721798610809,16.4808227402736,16.2006834780884,15.9312398274392,15.6719950970077,15.4224772206595,15.1822377736302,14.9508509598018,14.7279125888427,14.5130390575711,14.3058663463964,14.1060490389012,13.9132593704104,13.727186309656,13.5475346762551,13.3740242956588,13.2063891923735,13.0443768216167,12.8877473390787,12.7362729080741,12.5897370431116,12.4479339886936,12.3106681320342,12.1777534482895,12.0490129768486,11.9242783272019,11.8033892129229,11.6861930123027,11.5725443542139,11.4623047278313,11.3553421148663,11.2515306430461,11.1507502596046,11.052886423629,10.9578298161456,10.8654760668989,10.7757254968266,10.6884828752926,10.6036571911934,10.5211614370979,10.4409124056388,10.3628304974157,10.286839539715,10.2128666153887,10.1408419012957,10.0706985157046,10.0023723741471,9.93580205319788,9.87092866170787,9.80769571906011,656.857595142754,1181.18407507804
"25",25,2.65147722598738,2.65248230526896,2.79001901218042,4.15622564330398,8.23048180861,14.8030801977792,22.4790722291564,29.9562912042446,36.4699769141808,41.7207025359248,45.6930563696847,48.5113622753137,50.3516507576777,51.3952304848277,51.8073771815245,51.7296495831338,51.2789835666072,50.5498026424887,49.6171997100836,48.5402478064647,47.3650270809753,46.12722312241,44.8542798745325,43.5671459766497,42.2816726581976,41.009723363472,39.7600498934734,38.5389819142617,37.3509685076052,36.1990030219372,35.0849561548293,34.0098369877749,32.9739974931253,31.9772926907234,31.0192059948346,30.0989472223065,29.2155291133809,28.3678269513037,27.554624878809,26.7746517377776,26.0266086551096,25.3091901256957,24.62109997338,23.9610632804158,23.3278351475406,22.720206967027,22.1370107491709,21.5771219305942,21.03946100403,20.5229942388955,20.0267337061784,19.5497367767387,19.0911052268812,18.6499840568869,18.2255601058038,17.8170605279365,17.4237511821899,17.0449349740837,16.67995018117,16.328168785368,15.9889948299823,15.6618628146052,15.3462361374778,15.0416055920312,14.7474879220609,14.4634244382475,14.1889796973336,13.9237402442248,13.667313416477,13.4193262099944,13.1794242043519,12.9472705457931,12.7225449857586,12.5049429726415,12.2941747943942,12.0899647695582,11.8920504843195,11.7001820731993,11.5141215410487,11.3336421241001,11.1585276878791,10.9885721598947,10.8235789950934,10.6633606721837,10.5077382190001,10.3565407651989,10.2096051206492,10.066775377986,9.92790253787546,9.79284415561822,9.66146400781048,9.5336317778515,9.40922275916003,9.28811757502192,9.17020191409362,9.05536628057708,8.94350575822891,8.83451978734673,8.72831195395883,8.62478979050922,889.579718167208,1376.38704061425
"26",26,36.9196177907273,36.9238026527351,37.4964660733963,43.1849588421878,60.148993569122,87.5154091297114,119.476039512453,150.609035870025,177.730155922474,199.592672213758,216.132414843935,227.867032726172,235.529466420999,239.874633247388,241.590693944526,241.267058506586,239.390614403805,236.354514066203,232.471422800003,227.987303797422,223.094021590775,217.940160742003,212.639989965729,207.280733390791,201.928390992573,196.632358752292,191.429076660482,186.344899632124,181.398352368307,176.601898313819,171.963326517087,167.486838504181,163.173899787072,159.023906709948,155.034708357898,151.203014634791,147.524714874008,143.9951260774,140.609185763856,137.361601195363,134.246964236676,131.25983913876,128.394828995671,125.646625415385,123.010044994242,120.48005543613,118.051793566743,115.720577026547,113.481911056739,111.331491499507,109.265204901647,107.279126425639,105.369516125506,103.532814027515,101.765634362567,100.064759222735,98.4271318549498,96.8498497576283,95.3301577081899,93.8654408193767,92.4532176983489,91.0911337635181,89.7769547589849,88.5085604945672,87.2839388299631,86.1011799143362,84.9584706867884,83.8540896388305,82.7864018366067,81.7538541979901,80.7549710179299,79.7883497339486,78.8526569228491,77.9466245190441,77.069046244618,76.2187742410051,75.3947158923095,74.5958308303045,73.821128111415,73.0696635563182,72.3405372430201,71.6328911447427,70.9459069042254,70.2788037365659,69.6308364529726,69.0012935983164,68.3894956956733,67.7947935914681,67.2165668951882,66.6542225079389,66.1071932345175,65.5749364739555,65.0569329837975,64.5526857136271,64.0617187037786,63.5835760451376,63.1178208965423,62.664034556219,62.2218155840279,61.7907789715731,4350.9456030155,7671.85307854375
"27",27,3.45815393922478,3.45851617418461,3.50808500364498,4.00047183641531,5.46885154079445,7.83764468685971,10.6041057174227,13.298928070939,15.6464888302798,17.5388732615502,18.9705269208795,19.98625666998,20.649504671104,21.0256153595524,21.1741548278877,21.1461414621797,20.9837194628572,20.7209194752389,20.3848053079833,19.99666714148,19.5731124626728,19.1270025135157,18.6682282111225,18.2043395365311,17.7410493420143,17.2826332646752,16.8322454917922,16.3921672626396,15.9640020457052,15.5488286568289,15.1473213035804,14.7598436633341,14.3865225884617,14.0273058274816,13.6820072006406,13.3503419224816,13.0319541802789,12.7264386212053,12.4333570449955,12.1522513207153,11.8826533288305,11.6240925596017,11.376101865485,11.13822176056,10.9100035776991,10.6910117294023,10.4808252670824,10.2790388931898,10.0852635485938,9.89912667228063,9.7202722103223,9.54836043506263,9.38306762276149,9.22408562778844,9.07112138338725,8.92389635259622,8.78214594776042,8.64561893298661,8.51407682061646,8.38729327019258,8.26505349632087,8.14715369018626,8.03340045817277,7.92361028001046,7.81760898805409,7.71523126867095,7.61632018621049,7.5207267296522,7.42830938173736,7.33893371016189,7.25247198025767,7.16880278846066,7.08781071579232,7.00938600052427,6.93342422917012,6.85982604492893,6.78849687271686,6.71934665992478,6.65228963206226,6.58724406247778,6.52413205536335,6.46287934129387,6.40341508457419,6.34567170171239,6.28958469035893,6.23509246809612,6.18213622048856,6.13065975784138,6.0806093801444,6.03193374970625,5.98458377101763,5.93851247740686,5.89367492407777,5.85002808714155,5.80753076829107,5.76614350476279,5.7258284842847,5.68654946470115,5.64827169799594,5.61096185845829,383.172162426315,683.747144864226
"28",28,3.52807024696952,3.52851979035404,3.59003604867616,4.2011014284492,6.02340036495631,8.96313674104931,12.3963897197228,15.7407371621744,18.6541235719527,21.0026238449286,22.7793447659968,24.0398928626808,24.863001574606,25.3297651137127,25.5141066122839,25.4793412676081,25.2777711725243,24.9516292784879,24.5345025041881,24.0528125394417,23.5271697248202,22.9735352095176,22.4041838892462,21.8284854947202,21.2535298301572,20.6846230768689,20.1256796665964,19.5795306789926,19.0481660618285,18.5329246547463,18.0346431675789,17.5537729337863,17.0904713805934,16.6446736624982,16.2161487253902,15.8045431428131,15.4094153415485,15.0302622677721,14.6665401031003,14.3176802946501,13.9831018934158,13.6622209840821,13.3544578239099,13.0592421784415,12.776017239634,12.5042424316161,12.2433953458035,11.9929729969727,11.7524925522175,11.5214916532411,11.2995284274867,11.0861812637426,10.8810484120896,10.6837474554643,10.4939146900941,10.3112044440742,10.1352883569671,9.96585463823294,9.80260731823583,9.64526550234516,9.49356263607634,9.34724578717631,9.2060749489359,9.06982236773538,8.93827189681537,8.8112183774855,8.68846704835794,8.56983298272513,8.45514055384058,8.34422292757821,8.23692158175931,8.13308585127666,8.03257249805552,7.93524530482163,7.84097469161371,7.74963735395398,7.66111592160489,7.57529863684235,7.49207905120331,7.41135573970234,7.33303203153445,7.2570157563339,7.18321900508673,7.11155790485117,7.04195240646648,6.97432608448635,6.90860594860537,6.84472226589215,6.78260839318131,6.72220061900905,6.66343801452019,6.60626229280459,6.55061767615434,6.49645077075953,6.44371044840647,6.39234773473808,6.34231570370183,6.29356937780215,6.2460656338109,6.19976311361947,456.437210759225,791.279278106155
"29",29,13.3475844753454,13.3490112798628,13.5442575637367,15.4837162996687,21.2675059052933,30.5979271411819,41.4947193708874,52.1093345625773,61.3561237125188,68.8100222993664,74.4491519665697,78.4500021195995,81.0624646069327,82.5439241258329,83.1290051034715,83.0186634711828,82.3789006982402,81.3437598336451,80.0198423066739,78.4910078463005,76.8226715560393,75.0654924836201,73.2584298869385,71.4312223286572,69.6063721189717,67.8007205322207,66.0266915725909,64.2932707960416,62.6067740923553,60.9714508010069,59.3899565530443,57.863723834501,56.3932523032148,54.9783361462246,53.6182420215213,52.3118481898431,51.0577531431611,49.8543602403196,48.6999434576394,47.5926982666819,46.5307807949882,45.5123377553383,44.5355291038388,43.5985449749063,42.6996181170175,41.8370327978945,41.0091309463617,40.2143161389954,39.4510559137563,38.7178827929124,38.0133943183652,37.3362523394438,36.68518174318,36.0589687771029,35.4564590828043,34.8765555331724,34.3182159459135,33.7804507298861,33.2623205078737,32.7629337491771,32.2814444372474,31.817049791099,31.3689880540949,30.9365363596448,30.5190086801409,30.1157538629776,29.7261537555191,29.3496214193948,28.9855994333545,28.6335582830225,28.2929948352896,27.9634308945845,27.6444118379739,27.3355053258241,27.0363000846506,26.746404758709,26.4654468269236,26.19307158176,25.9289411667327,25.6727336693581,25.4241422664329,25.1828744186856,24.9486511119375,24.7212061420883,24.5002854413259,24.2856464431355,24.0770574837866,23.8742972381192,23.677154187573,23.4854261185076,23.2989196489963,23.1174497823747,22.9408394859281,22.7689192931897,22.6015269284619,22.4385069521668,22.2797104258349,22.124994595516,21.9742225925144,21.8272631504424,1502.43111306311,2672.67803277861
"30",30,13.2172114758713,13.2238271040975,14.1291205839817,23.1217595899956,49.9393097891865,93.2014366877358,143.726316144987,192.942832505024,235.817184637188,270.378486683526,296.525295824527,315.075935998917,327.189074386494,334.058120068505,336.770950160588,336.259331919827,333.292960137859,328.49334881166,322.354774077784,315.266066209253,307.530533753214,299.38306622816,291.004305034554,282.532138209728,274.070901643194,265.698682843455,257.473087874817,249.435779836118,241.616043452917,234.033581529511,226.700707362853,219.624062924511,212.805964965277,206.245459197427,199.939145352714,193.881822291226,188.066991676322,182.487250402552,177.134595459813,172.000659836975,167.076894097493,162.354705151639,157.825561314678,153.48107082888,149.313039524043,145.31351210794,141.474800644112,137.789503036661,134.250513757817,130.851028590893,127.584544794085,124.444857798201,121.426055319366,118.522509582359,115.728868202901,113.040044159609,110.451205192343,107.957762889018,105.555361663182,103.239867777108,101.007358527378,98.8541116798085,96.7765952167683,94.77145744112,92.8355174660976,90.9657561089717,89.1593071971344,87.4134492883655,85.7255978017296,84.0932975513833,82.5142156728334,80.9861349288335,79.5069473807885,78.0746484105114,76.6873310766948,75.3431807901094,74.040470291756,72.7775549182284,71.5528681389515,70.3649173504976,69.2122799135219,68.0935994186225,67.0075821678516,65.9529938594263,64.9286564635821,63.9334452783279,62.9662861543348,62.0261528788609,61.1120647091768,60.2230840464371,59.3583142415796,58.516897525274,57.6980130544346,56.9008750682025,56.1247311469776,55.3688605680214,54.632572752119,53.9152057956599,53.2161250830427,52.5347219747454,5749.50428766586,8741.99872077698
"31",31,47.1900858425927,47.1949928238579,47.8664722349414,54.5365434085652,74.4278087436028,106.516438715593,143.992038680548,180.497192153264,212.298199627631,237.933204474153,257.326963949764,271.086449924539,280.071075586379,285.166023083242,287.178198795404,286.798718414026,284.598484322574,281.038489405612,276.485350960693,271.227474381804,265.48983140368,259.446645611327,253.231903368169,246.9478797708,240.671963426566,234.462073844869,228.360938922236,222.399461248484,216.59936205624,210.975255421181,205.536274431716,200.287345608642,195.230187345487,190.364091822552,185.686536973602,181.193664979659,176.880655857638,172.742018534205,168.771816971344,164.963845142137,161.311761710051,157.809192959867,154.449810722027,151.227390614424,148.135854810688,145.169302666382,142.322031841698,139.588552012112,136.963592825293,134.442107419074,132.019272542946,129.690486108682,127.451362823573,125.297728422286,123.225612904015,121.231243094429,119.311034782145,117.461584624146,115.67966197016,113.962200720813,112.306291306289,110.709172849953,109.168225563668,107.680963407637,106.245027036497,104.858177044923,103.518287519122,102.223339895545,100.971417124172,99.7606981306423,98.5894525694824,97.4560358589142,96.3588844867753,95.2965115763018,94.2675027001788,93.270511930998,92.3042581164244,91.3675213673945,90.4591397479711,89.5780061558797,88.7230653830021,87.8933113456685,87.0877844749045,86.3055692573955,85.5457919182278,84.8076182370656,84.0902514897805,83.3929305080409,82.7149278497909,82.0555480739004,81.414126112745,80.7900257367951,80.1826381056647,79.5913804003557,79.0156945319379,78.4550459218564,77.9089223497819,77.3768328648167,76.8583067562799,76.3528925806156,5199.21842910933,9288.1554030222
"32",32,12.1530906815562,12.1543403174523,12.325342554927,14.0239755673155,19.0895826765597,27.2614304385872,36.8051503783779,46.1017316586905,54.2003320659521,60.7286680269286,65.6675778559368,69.171635983933,71.4597047849833,72.7572090828058,73.269639610522,73.1729992769206,72.6126768807366,71.706071129092,70.5465465796242,69.2075499633236,67.7463736846536,66.2073863755706,64.6247096599968,63.0243894152401,61.4261338032969,59.8446928902717,58.2909479716864,56.7727688525046,55.2956871682742,53.8634246111246,52.4783070581076,51.1415891211523,49.8537084147758,48.6144846821449,47.423275641512,46.2790988417912,45.180726802469,44.1267611399007,43.1156901535549,42.1459333862035,41.2158759220089,40.3238945994182,39.4683778557602,38.6477405593839,37.8604349012417,37.1049581943038,36.3798582527702,35.683736883692,35.0152519133165,34.3731180829914,33.7561070801056,33.1630469143181,32.5928208054972,32.0443657147768,31.5166706222963,31.0087746329894,30.5197649740211,30.04877493338,29.5949817778358,29.157604679496,28.7359026730529,28.3291726601326,27.9367474726498,27.5579940035262,27.1923114103101,26.8391293950665,26.4979065621708,26.1681288543377,25.849308066214,25.5409804340791,25.2427052996747,24.9540638457458,24.6746579006231,24.4041088089832,24.1420563658345,23.8881578107076,23.6420868790702,23.4035329079954,23.1721999931831,22.9478061945428,22.7300827876038,22.5187735581685,22.3136341376992,22.1144313770889,21.9209427565359,21.7329558294013,21.5502676980142,21.3726845195171,21.2000210399511,21.03210015487,20.8687524948933,20.7098160346911,20.555135723987,20.4045631392388,20.2579561547846,20.1151786322298,19.9761001270352,19.8405956112392,19.7085452113531,19.5798339605485,1327.44424845298,2375.52458452183
"33",33,26.8871567527948,26.8900566175237,27.2868788907547,31.2286718363623,42.9837562029154,61.9470823752038,84.09393084639,105.667277320728,124.460628045586,139.610073776274,151.071148523433,159.202552722691,164.51217133558,167.523117932491,168.712247676547,168.487987237433,167.187721169109,165.083881122309,162.393125876168,159.285893544151,155.895135030956,152.323810751915,148.651102246236,144.937450736175,141.228590346386,137.558749604217,133.953179292863,130.430141827728,127.002473743732,123.678811479514,120.464552390294,117.362607888021,114.37399348682,111.498290888502,108.734009634773,106.078869881351,103.530023176573,101.084224476486,98.737965777627,96.4875795219602,94.3293181879143,92.2594151191769,90.2741305754257,88.3697861513112,86.5427900511127,84.7896551878079,83.1070116658981,81.4916148839524,79.9403502368784,78.4502351949294,77.0184193755031,75.6421830956399,74.3189347914103,73.0462076091306,71.821655408743,70.6430483681692,69.5082683362275,68.4153040489975,67.3622462982983,66.3472831201237,65.3686950542951,64.4248505134182,63.5142012887669,62.635278212489,61.7866869889828,60.9671042032667,60.1752735101276,59.4100020048202,58.670156773759,57.9546616218213,57.2624939716752,56.5926819295161,55.9443015110188,55.3164740208611,54.7083635789652,54.1191747864478,53.5481505243658,52.9945698783573,52.457746182454,51.937025175581,51.431783264405,50.9414258865281,50.4653859682089,50.0031224711541,49.5541190230939,49.1178826272149,48.6939424457301,48.2818486531609,47.8811713551492,47.4914995688331,47.1124402610947,46.7436174411826,46.3846713044296,46.0352574239542,45.6950459875322,45.3637210767992,45.0409799863674,44.7265325803844,44.4201006843011,44.1214175098064,3047.55144891611,5413.94718802743
"34",34,111.348719146255,111.360250216207,112.938180850612,128.612391354752,175.355502775812,250.76158584122,338.826679500563,424.611290357489,499.341480249328,559.581986201943,605.155992921612,637.489842738725,658.603097793853,670.575875519101,675.30435065269,674.41259774255,669.242198295512,660.87645402238,650.176890467141,637.821240556207,624.33817246057,610.13709967449,595.532880976878,580.765855841128,566.017882195074,551.425066919594,537.087817645603,523.078753343017,509.448917421081,496.232651956891,483.451419082793,471.1167957853,459.232820171531,447.797828913665,436.805895328753,426.247953806375,416.112677716343,406.387163412343,397.057461611523,388.108988575604,379.526842597977,371.296045884337,363.401727669564,355.829261081938,348.564363645692,341.59316925046,334.90227778818,328.478787372189,322.310313035412,316.384994997355,310.69149894961,305.219010299985,299.957223910912,294.896330544704,290.027000971325,285.340368489474,280.828010447844,276.4819292234,272.294533009231,268.258616681767,264.367342951185,260.614223946451,256.993103344842,253.498139123071,250.123786981104,246.864784469772,243.716135837243,240.673097597405,237.731164813984,234.88605808694,232.133711222898,229.470259567298,226.892028973625,224.395525383303,221.977424988998,219.634564953468,217.363934656456,215.162667442199,213.028032840811,210.957429237761,208.948376966227,206.998511798483,205.105578813146,203.26742661662,201.482001897693,199.747344295702,198.061581563502,196.422925007637,194.829665189091,193.28016786883,191.772870183479,190.306277037212,188.878957696813,187.489542577548,186.136720208647,184.819234367113,183.535881370249,182.285507517063,181.06700666969,179.879317966687,12229.1884983521,21860.672829572
"35",35,45.0287885380989,45.0335117449024,45.6798431554937,52.1001092712273,71.2464142364004,102.133272614189,138.205350161612,173.343326022701,203.953333835099,228.628265887342,247.295697399967,260.53986815531,269.188004913935,274.09213830683,276.028954752624,275.663686531232,273.545854799557,270.11918750582,265.736571531083,260.675611016352,255.152852137512,249.335993521797,243.354003524516,237.305326872879,231.264453844507,225.287134768591,219.414497312158,213.67628671257,208.093410706822,202.67993604959,197.444653780209,192.392305913226,187.524546485527,182.840694186414,178.338321405153,174.013714804386,169.862234917265,165.878596320121,162.057085289254,158.391728223589,154.876421280003,151.505029449319,148.271461562265,145.169726350005,142.193973610696,139.338523688667,136.597887806051,133.966781259943,131.440131081312,129.013079421222,126.680983667771,124.439414088451,122.284149626929,120.211172350924,118.216660942643,116.296983539294,114.448690164067,112.668504934696,110.953318194038,109.300178673147,107.70628577035,106.168982008349,104.685745714351,103.25418395481,101.872025745699,100.537115551079,99.2474070761012,98.0009573557179,96.7959211365622,95.6305455464831,94.5031650442698,93.4121966404178,92.3561353788485,91.3335500687609,90.3430792554529,89.3834274186954,88.4533613874007,87.5517069593429,86.6773457149829,85.8292120148344,85.0062901700464,84.2076117764257,83.4322532024227,82.6793332221917,81.9480107851164,81.2374829137748,80.5469827226581,79.875777550432,79.2231671989333,78.588482272438,77.9710826111903,77.3703558134954,76.7857158410341,76.2166017023316,75.6624762097992,75.1228248057223,74.5971544532591,74.0849925884248,73.5858861294224,73.0994005399941,4994.65042028099,8910.75245081793
"36",36,22.9170342413944,22.9196087286038,23.2719058053134,26.7714123234967,37.2075247551216,54.0430827009815,73.7049578049227,92.8576803471092,109.542334834969,122.991946423645,133.167038402477,140.386063447665,145.09991960431,147.773024809781,148.828728990013,148.629631554081,147.475261031767,145.607481049767,143.21864032357,140.460053064054,137.449752502292,134.27914644421,131.018531913623,127.721568363014,124.428858348004,121.170789805304,117.969780269679,114.842043033561,111.798974316449,108.848241510752,105.994636364801,103.24074361738,100.58746483748,98.0344286618018,95.5803118679972,93.223090420295,90.9602354757807,88.7888660986408,86.7058678987601,84.7079848341736,82.7918898716382,80.9542389901717,79.1917120646903,77.5010434230305,75.8790442846779,74.3226188290421,72.8287752776542,71.3946330875702,70.0174271260262,68.694509516172,67.4233497008134,66.201533157327,65.0267591066031,63.8968374867423,62.8096854048738,61.7633232347195,60.7558704909346,59.7855415822168,58.8506415219025,57.9495616562804,57.0807754561327,56.2428344053145,55.4343640108974,54.654059952095,53.900684379377,53.1730623707171,52.4700785483361,51.7906738566241,51.1338424998602,50.4986290367268,49.8841256275457,49.2894694292526,48.7138401326093,48.156457635756,47.6165798480195,47.0935006177537,46.5865477780762,46.0950813043728,45.6184915776033,45.1561977476503,44.7076461910826,44.2723090580067,43.8496829028379,43.4392873941484,43.0406640988979,42.6533753366739,42.2770030997509,41.9111480350384,41.5554284842075,41.2094795784729,40.8729523847533,40.5455131001061,40.2268422915231,39.9166341783268,39.6145959546687,39.3204471496081,39.0339190226272,38.7547539923864,38.4827050967392,38.2175354821909,2681.77118781419,4734.98367387271
"37",37,6.21794709989282,6.22050797976549,6.57094300607345,10.0519530394756,20.4329058668071,37.1794802260643,56.7374333707983,75.7889250568118,92.3853935515295,105.763917821245,115.885229807683,123.066099019702,127.755040301004,130.414016928775,131.464141231902,131.266096116539,130.117826967858,128.2599190532,125.883704437544,123.139697567291,120.145307814163,116.991459852229,113.748079153535,110.468541555934,107.19323501206,103.952386844549,100.768296101288,97.6570903800817,94.6301056662199,91.694968826454,88.8564462825444,86.1171091117525,83.4778541178689,80.9383119004168,78.4971662308812,76.1524037714412,73.9015090452678,71.7416163436048,69.6696277373062,67.6823043940709,65.7763368655406,63.9483988054063,62.1951876369565,60.5134549485912,58.9000288139526,57.3518297752711,55.8658818669889,54.4393197711425,53.0693929699532,51.7534675818052,50.4890264246508,49.2736677377177,48.1051029025611,46.9811534327555,45.8997474444668,44.8589157746432,43.8567878771605,42.8915875983795,41.9616289104122,41.0653116620147,40.2011173923708,39.3676052414027,38.5634079810029,37.7872281843138,37.0378345444034,36.3140583492431,35.6147901163329,34.9389763876539,34.2856166835733,33.6537606127158,33.0425051337491,32.4509919641272,31.8784051303196,31.32396865366,30.786944365762,30.2666298473125,29.7623564841369,29.2734876344425,28.7994169013032,28.3395665046587,27.8933857472299,27.46034956905,27.0399571854734,26.6317308038426,26.2352144141446,25.849972649307,25.4755897109654,25.1116683567922,24.7578289456964,24.4137085373904,24.0789600430631,23.7532514240723,23.4362649357586,23.1276964136346,22.827254599464,22.5346605047227,22.2496468093087,21.9719572933173,21.7013462999092,21.4375782274681,2253.14780183788,3466.61011613721
"38",38,13.746551860384,13.747985361394,13.9441480043715,15.8927092985361,21.7036442518367,31.0778564181848,42.0257911053098,52.6902243988798,61.9804119646486,69.4692943047927,75.1348903799818,79.1545179221992,81.7792416097738,83.2676541363819,83.8554811036986,83.7446215995341,83.1018561961215,82.0618570533769,80.7317259183711,79.1957161031185,77.5195497270957,75.7541235986626,73.9385798251395,72.1027965426656,70.2693816726491,68.4552555314197,66.6729004333616,64.9313441067912,63.2369320841707,61.5939336486118,60.0050168949677,58.4716210324299,56.9942480639051,55.57269121048,54.2062136883151,52.8936884934337,51.6337075400396,50.4246666933817,49.2648318289479,48.1523899490165,47.0854885271901,46.0622655781235,45.080872421954,44.1394906987656,43.2363448627056,42.3697111289645,41.5379236444585,40.7393784931905,39.9725360207408,39.2359218619911,38.5281269766165,37.8478069335369,37.1936806352331,36.5645286326691,35.959191149629,35.3765659097997,34.8156058395615,34.2753167032755,33.7547547148994,33.2530241594685,32.7692750497823,32.3027008371234,31.8525361896642,31.4180548481489,30.998567565202,30.5934201321311,30.2019914950938,29.8236919610123,29.4579614924638,29.1042680898761,28.7621062587605,28.4309955592067,28.1104792345768,27.800122916116,27.4995134000895,27.2082574939835,26.9259809283507,26.65232733089,26.3869572594373,26.1295472906611,25.8797891613295,25.637388959182,25.4020663605285,25.17355391188,24.9515963529952,24.7359499789098,24.5263820386143,24.3226701681923,24.1246018563532,23.9319739403969,23.7445921307879,23.5622705626075,23.384831372265,23.2121042979277,23.0439263022816,22.8801412162166,22.7205994022426,22.5651574364154,22.4136778076666,22.2660286335295,1517.89061035711,2710.44603331494
"39",39,89.9554373627193,89.965319235092,91.3175709521114,104.750023307753,144.807837827469,209.429186241419,284.899027255854,358.414544855834,422.456667742025,474.081451387396,513.137368988857,540.846764433565,558.940357889236,569.200764071519,573.25296286839,572.488750312019,568.057832135079,560.888573987203,551.719284239312,541.130765046733,529.576073360369,517.406067505999,504.890574505874,492.235559982615,479.596872165416,467.091151646301,454.804445548219,442.798986725147,431.118518251902,419.79247053037,408.83923613414,398.268736285067,388.084431551799,378.284896499116,368.865052090575,359.817129298194,351.131421449964,342.796870405871,334.801521938479,327.132878106053,319.778168475021,312.724557406333,305.959300982592,299.469864297655,293.244007585114,287.26984789451,281.535901629076,276.031112156782,270.744865834272,265.666999091497,260.787798676384,256.097996722183,251.588761953509,247.251688070226,243.078780128161,239.062439560052,235.195448339679,231.470952680668,227.882446572105,224.423755382159,221.089019704404,217.872679576598,214.769459166083,211.774351987881,208.882606699265,206.089713497478,203.391391133495,200.783574544441,198.262403099387,195.824209446977,193.46550894926,191.182989682599,188.973502984547,186.834054524043,184.761795871584,182.754016545482,180.808136510641,178.921699106363,177.092364380236,175.317902806044,173.596189364067,171.925197963336,170.302996186013,168.727740335281,167.197670768764,165.711107500652,164.266446056478,162.862153565441,161.496765076041,160.168880081508,158.877159242433,157.620321294701,156.397140131533,155.206442049048,154.047103145752,152.918046866269,151.818241681102,150.746698893973,149.702470569151,148.684647571801,10343.4456376599,18324.0172384593
"40",40,143.028332962437,143.043178158409,145.074619264574,165.253729062264,225.431201950105,322.509624444725,435.885363135124,546.325189177828,642.533461143506,720.08759272577,778.75995043552,820.386819327523,847.568200605484,862.982054862278,869.069533327055,867.921483166482,861.265067641622,850.494938442301,836.720230764904,820.813463651582,803.455248930674,785.17266896152,766.37107557149,747.359883810296,728.373219096399,709.586306567469,691.128411847969,673.093025207594,655.545860358648,638.531129578629,622.076463396358,606.196766121174,590.897236445982,576.175732988622,562.024625687857,548.432243400956,535.384004129407,522.86329561094,510.852159422057,499.331820336029,488.28309377104,477.686697189335,467.523485843429,457.774628976239,448.421739208922,439.446965194928,430.833055522979,422.563400196196,414.622054704303,406.993750666622,399.663896199642,392.618568506855,385.844500667901,379.329064188077,373.060248538549,367.026638653846,361.217391142179,355.622209796709,350.231320861676,345.035448400689,340.025790029599,335.193993208935,330.532132237293,326.032686044997,321.688516853774,317.492849742519,313.439253138507,309.521620238015,305.734151348377,302.071337134162,298.527942743984,295.098992789217,291.779757142883,288.565737524725,285.452654837362,282.436437217655,279.513208767887,276.679278931433,273.931132478508,271.265420068788,268.678949358454,266.16867662094,263.731698851585,261.365246328266,259.066675600942,256.833462884885,254.663197833453,252.55357766772,250.502401641584,248.507565822038,246.56705816569,244.678953873658,242.841411008028,241.052666353947,239.311031512969,237.614889213095,235.962689823143,234.352948058802,232.784239868924,231.255199491608,15735.8861306199,28119.3926717882
"41",41,5.92492547318966,5.92559122458028,6.01669374312306,6.92165117405327,9.62038525154398,13.9739885918433,19.0584654713349,24.0112776741521,28.3258580250782,31.8038701067976,34.4351054106321,36.301914437782,37.5208974958579,38.212151078836,38.4851516684337,38.4336659223177,38.1351506382951,37.6521507166574,37.0344067132535,36.3210478363953,35.5425969752396,34.7226917977795,33.879510813969,33.0269301289132,32.1754493899864,31.3329267877635,30.505159400936,29.6963399176417,28.9094153515427,28.1463684575505,27.4084383613067,26.696293465215,26.0101669111642,25.3499626661916,24.7153385506529,24.1057711575469,23.5206065389028,22.9590996970304,22.4204452639548,21.9038012411382,21.4083072720015,20.933098607009,20.477316676002,20.0401169901146,19.6206749443325,19.2181899726806,18.8318884140319,18.4610253722906,18.1048857959404,17.7627849553431,17.4340684592225,17.1181119223461,16.8143203730683,16.5221274707409,16.2409945881684,15.9704098024549,15.7098868281264,15.4589639189025,15.2172027584753,14.9841873558695,14.7595229571526,14.5428349822398,14.3337679931334,14.1319846980519,13.9371649943965,13.7490050523522,13.5672164399916,13.3915252900597,13.2216715080813,13.0574080210146,12.8985000653983,12.7447245137033,12.595869237466,12.4517325056791,12.3121224168658,12.176856363228,12.0457605252824,11.9186693953988,11.7954253286985,11.6758781198234,11.5598846041199,11.4473082818614,11.338018964171,11.231892439394,11.1288101587055,11.028658939821,10.931330687729,10.8367221314269,10.7447345757018,10.6552736670451,10.5682491728531,10.4835747731112,10.4011678638087,10.3209493713689,10.2428435774508,10.1667779534676,10.0926830042698,10.0204921204239,9.95014143857404,9.88156970941865,693.461527760045,1224.3474200884
"42",42,2.94033340328514,2.9407276383769,2.9946754186798,3.53056010604303,5.12865767169984,7.70671193721561,10.7175643926413,13.650449551833,16.2053957442555,18.2649549603636,19.8230820721826,20.9285422161506,21.6503820869019,22.0597187004729,22.2213802666487,22.1908921773552,22.0141216860767,21.7281057331084,21.3622989660494,20.9398723571978,20.4789005124456,19.9933808463558,19.4940780477309,18.9892090690945,18.4849914407509,17.9860785130737,17.4959031168193,17.0169480178011,16.5509583362213,16.0991081913916,15.6621313509285,15.2404236197625,14.834123056507,14.4431727937424,14.0673702044437,13.7064053449744,13.3598909698222,13.0273859169604,12.7084132751547,12.4024744418103,12.1090599433313,11.8276577047641,11.5577593103696,11.2988646828662,11.0504855195061,10.8121477526342,10.5833932467215,10.3637808999023,10.1528872832446,9.95030692339087,9.75565231231851,9.56855371055297,9.38865879633478,9.21563220219705,9.04915497162716,8.88892396148093,8.73465121021408,8.58606328754959,8.44290063763473,8.30491692491147,8.1718783896687,8.04356321845431,7.91976093310251,7.80027180101293,7.68490626842844,7.57348441777512,7.465835449579,7.36179718906442,7.26121561722254,7.16394442588986,7.06984459621341,6.97878399973928,6.89063702128217,6.80528420267305,6.72261190645292,6.64251199855999,6.56488154907035,6.48962255005388,6.41664164963168,6.34584990135314,6.27716252803105,6.21049869921867,6.14578132153774,6.08293684111553,6.02189505741229,5.96258894776931,5.90495450203598,5.84893056667394,5.79445869777027,5.74148302242006,5.68995010797667,5.63980883869431,5.59101029931684,5.54350766519,5.4972560985146,5.45221265035437,5.40833616807033,5.36558720784522,5.32392795199474,5.28332213078764,396.438987002916,682.401174818922
