"FID_site","Area_ha","BASIN_NAME","NPV_25_4_CPlow_RClow","NPV_25_4_CPlow_RChigh","NPV_25_4_CPhigh_RClow","NPV_25_7_CPlow_RClow","NPV_25_4_CPlow_RClow_upperCI","NPV_25_4_CPlow_RClow_lowerCI","CYC","NPV_25_4_CPlow_RClow_rank","NPV_25_4_CPhigh_RClow_rank","NPV_25_4_CPlow_RChigh_rank","NPV_25_7_CPlow_RClow_rank","NPV_25_4_CPlow_RClow_upperCI_rank","NPV_25_4_CPlow_RClow_lowerCI_rank"
0,1.28319811169,"Fitzroy",4999.20183645565,-81791.1496967638,36783.8651408534,-2149.21449709689,9680.94098476066,494.814681783882,0,119,207,43,62,190,98
1,4.96053356242,"Fitzroy",-15394.023889766,-350904.53294729,60977.8926230973,-31257.6027973852,2391.58801377239,-28570.9123211596,0,278,157,288,325,263,319
2,2.8618717481,"Fitzroy",1477.83266772647,-192087.64471087,58924.0086140653,-11448.3724581499,20539.3618866341,-9335.46673888718,0,186,160,199,194,126,243
3,4.12853391308,"Fitzroy",8730.66980945809,-270506.734273938,101777.724096118,-12131.1259086473,23793.559870206,-5761.61315475409,0,99,111,247,199,116,219
4,39.8174860136,"Shoalwater",157410.291358528,-1918516.61681221,1102731.82449312,8785.18100591621,294785.305553067,124596.151093586,0,27,29,385,46,29,26
5,9.46036247971,"Shoalwater",19560.6131214047,-566978.464432,244102.653624521,-15322.9148897923,52200.0000600487,11764.1922988404,0,74,59,329,238,67,62
6,2.54260703277,"Shoalwater",650.01899680862,-171321.679039991,51066.8187706549,-9769.87512526416,9730.29551087339,-5615.70266274729,0,190,177,180,183,188,217
7,2.45124222609,"Fitzroy",35697.0742819754,-130095.076249819,137310.542195386,14441.9788523006,44640.392759135,27092.5434457709,0,55,88,119,37,74,46
8,1.78100098396,"Fitzroy",7281.34622651864,-113178.38642951,52869.0023818245,-2739.84088210894,13779.3024477867,1029.54329441887,0,106,172,101,66,152,93
9,1.73228950858,"Fitzroy",-19043.0981585361,-136208.182830424,-10789.2325699771,-19719.4537899578,-12998.0982946761,-21396.8642895087,0,293,290,130,276,298,291
10,1.3496811011,"Fitzroy",22252.8152773266,-69034.1778650937,81202.1702587844,9794.52332012786,27177.1058740257,17515.0649228086,0,66,131,8,43,110,55
11,3.89310953029,"Fitzroy",11547.4040374635,-251766.843087008,96091.9518316156,-9036.86614233912,28670.4002368786,-2424.00177090228,0,93,117,237,179,107,156
12,922.094862084,"Waterpark",-161777.715599146,-39141016.6276279,13160529.5901014,-2033528.36873795,3019575.86015611,-921699.208502702,0,401,2,423,421,5,416
13,1.28311336233,"Waterpark",9760.99283213283,-77023.6265957479,51382.8609778486,2595.15773765221,14187.8729409281,8703.56426204091,0,96,176,31,52,149,70
14,1.15598381516,"Calliope",2666.56945908901,-75519.5194779606,32102.2929346331,-2068.32805216994,6817.66679995005,1540.1113905151,0,163,220,27,61,212,86
15,2.8554301855,"Calliope",3694.48799561796,-189435.308035426,72599.0425782691,-7012.55954096113,13546.0566600795,1341.28892313191,0,138,140,196,146,154,90
16,2.06772069045,"Calliope",31455.6270297967,-108396.671661881,119220.748546684,13369.8010996883,49970.6355615169,23152.4780303178,0,58,98,94,38,70,48
17,122.18136658,"Calliope",2435403.25130163,-2729506.42811716,7602708.16373054,1354827.67958464,3542307.24261446,1937317.89159617,0,4,7,400,3,3,4
18,19.3187372443,"Calliope",333166.479638043,-755701.495790811,1150196.2780757,163523.261304844,508184.900311626,254411.579754728,0,19,28,352,15,21,19
19,72.5553139787,"Calliope",1387737.20205953,-1986065.36167378,4456252.55579801,747421.826175345,2045053.14335188,1091957.75810755,0,6,10,388,5,7,6
20,2.19896320719,"Curtis Island",3303.46659421201,-145425.547282908,50845.9021808509,-7416.63580122106,11326.3446471709,-4415.49161778695,0,148,179,140,152,169,193
21,1.15856364013,"Styx",1472.78151177016,-76887.7963946761,26031.1869397461,-4092.57914280531,5978.98221434,-2623.30735675706,0,187,247,30,88,226,161
22,1.22514840829,"Styx",-16482.6076320613,-99346.7110523921,-14737.7879858407,-15825.1318344862,-12255.6963264908,-17492.2705702725,0,284,309,81,245,294,279
23,2.36981610497,"Styx",-24360.0449637965,-184644.860648687,-11087.1034224469,-25827.7323668319,-12984.6237863838,-28168.0728580449,0,311,292,192,315,297,317
24,2.37561080921,"Styx",-32272.1466701009,-192948.892808628,-29299.0446243897,-30906.6723512979,-24076.0133259175,-34229.9194919136,0,332,347,200,324,340,328
25,1.01311157711,"Styx",-13875.1532478895,-82397.939494783,-12754.9424569482,-13260.2005320613,-10379.8048311352,-14710.0711104623,0,270,297,47,210,282,260
26,1.02081681058,"Shoalwater",-11655.5242129348,-80699.4614149416,-7467.36663531591,-11711.7057167767,-8133.57539119671,-12496.7959923779,0,263,283,41,197,274,252
27,1.06726886615,"Shoalwater",-1607.15308448203,-73792.9202156579,17207.5126932885,-5875.74947210663,2359.07711689519,-5361.10290050966,0,246,270,19,125,264,212
28,1.09077365843,"Shoalwater",-300.206967922652,-74075.7435712573,23769.3227149349,-3892.84570610255,3463.07756440164,-1199.12550288783,0,210,258,20,84,252,120
29,1.06289436031,"Shoalwater",52.4819900771818,-71837.4111866571,23960.7777973193,-3548.61143542593,3719.57724990479,-823.460254052317,0,199,256,12,74,248,109
30,4.92004285688,"Shoalwater",-956.275845431912,-333728.156677407,108135.271790627,-17276.8607612109,16018.4396586769,-5010.94836921793,0,241,107,281,256,140,207
31,7.34742078602,"Shoalwater",7133.48433267247,-448403.966739814,170921.720959188,-17616.7499620966,32482.9457576198,1078.37461919129,0,107,76,309,262,102,92
32,15.9446610907,"Shoalwater",31911.2711454599,-866782.604193224,386419.748047757,-21994.3212121129,86922.2196966391,18771.057894529,0,57,42,361,291,48,53
33,1.82270296734,"Shoalwater",-466.507620766002,-123746.794456395,39800.3808566856,-6480.08781156155,5822.02132398631,-1968.61971926617,0,223,204,109,137,228,143
34,2.17657150957,"Shoalwater",-304.379842799113,-147518.909487,48112.6292252231,-7558.91315412605,7205.04213848115,-2098.12106748365,0,214,188,146,154,208,145
35,1.35215201424,"Shoalwater",-511.879087730269,-91965.9948420645,29141.5020607905,-4924.79521919838,4153.19712483726,-1626.20446984855,0,226,228,64,116,243,132
36,1.62213105306,"Shoalwater",-296.18231387167,-110010.59277432,35696.2756008651,-5682.60728102511,5300.3565883893,-1633.00192123441,0,209,210,98,122,233,133
37,1.5770208379,"Shoalwater",-622.457854903978,-107285.795066562,33928.9309859225,-5761.8638325571,4818.44625243859,-1922.1016918364,0,232,215,92,124,236,141
38,2.23497462582,"Shoalwater",-386.295938670541,-151550.977117382,49232.8136687784,-7814.05237500003,7324.61289748081,-2228.16540527773,0,220,184,153,159,205,147
39,1.07998552189,"Shoalwater",-682.02324219736,-73727.8937447443,22643.197897017,-4127.29023734389,3044.06902479285,-1572.0578311364,0,234,263,17,91,259,131
40,1.29512333483,"Shoalwater",-90.1651706093435,-87687.0907620383,28839.0203513682,-4433.25831987322,4378.15084789486,-1157.49134661721,0,204,230,57,104,239,116
41,1.0547723781,"Shoalwater",-666.183666459157,-72006.7386819768,22114.3453208547,-4030.99451856136,2972.89664025966,-1535.43410708846,0,233,265,13,86,260,128
42,3.4951552338,"Fitzroy",389.123970910685,-236009.09750493,68855.0959684604,-14848.0854921396,18999.0805638778,-11779.5082604433,0,193,146,228,231,134,249
43,6.93506638281,"Fitzroy",15643.0230751748,-414328.60302997,162513.444172018,-17470.9179067835,41226.7381473138,-8190.78581216716,0,85,80,302,261,79,237
44,1.76473926322,"Fitzroy",12638.0047837094,-106721.850583924,63932.9723212438,1132.06860373571,19076.6365983757,6443.27895193297,0,91,154,91,54,133,73
48,1.14967034231,"Fitzroy",-15741.264934508,-93500.3359987483,-14464.6086261442,-15044.6250968448,-11774.7684886237,-16688.7237682616,0,281,306,66,233,291,275
49,1.10817844354,"Fitzroy",-14824.2648464511,-89776.9910078872,-13134.6085596428,-14254.173480278,-11000.913770577,-15737.5312014826,0,275,299,62,226,288,268
51,2.81497082634,"Fitzroy",-35569.7419898327,-225963.029938208,-28532.2848997169,-34890.968867048,-24915.3862229929,-38436.0161956431,0,336,346,222,331,342,336
52,3.00837908074,"Fitzroy",3590.18381868532,-199884.459405918,65853.0316408414,-10519.6858282363,30844.6484673112,-8673.79746119973,0,139,149,203,190,104,239
53,1.65086905057,"Fitzroy",2773.29286104196,-108884.839993892,38229.3499162435,-5245.69155640966,15302.4206955704,-3702.64422933141,0,160,205,95,120,142,179
54,4.53035056067,"Fitzroy",8355.99845515102,-298058.66514767,105999.234547498,-13749.483763262,49398.7736101854,-10112.4555271675,0,101,109,264,213,71,244
55,2.93909506217,"Fitzroy",3900.87322201521,-194887.678063593,65247.390182467,-9998.37938561209,30527.6946504173,-8080.68076375461,0,133,152,202,185,106,235
56,2.30659760632,"Fitzroy",-380.332700762148,-156389.30378204,50852.802726681,-8051.45308876638,7577.70804317031,-2281.23343396041,0,219,178,162,163,204,151
57,2.34720632552,"Fitzroy",-1580.15348951137,-160335.734764939,42262.5339832236,-11156.1369231646,6912.28808160327,-8854.14871820744,0,245,200,170,192,211,240
58,4.9901056189,"Fitzroy",-55199.9632894806,-392710.607130619,-32010.04385644,-56807.3704572617,-37632.8539333078,-61401.6794346694,0,363,351,299,363,366,363
59,2.06004055617,"Fitzroy",2800.91648525676,-136531.928859419,46953.1538815566,-7156.52272628865,10316.9466559817,-4430.39407748485,0,158,190,131,148,180,194
60,1.18482612295,"Fitzroy",1501.79569897505,-78635.0707597362,26729.4230061602,-4146.6063196492,5815.86637925548,-2539.0323913639,0,185,242,35,93,229,160
61,2.0617238538,"Fitzroy",3340.97583395728,-136105.720982064,48466.4177211647,-6780.90067645482,10863.1354636669,-3896.23199376241,0,146,186,128,143,177,182
62,5.56646478006,"Fitzroy",77772.0845679068,-267346.733482921,294354.722946472,32060.2560305291,98081.2442464245,58232.2693239899,0,36,49,245,28,45,34
63,2.55193502228,"Fitzroy",3718.3196124055,-168884.286061567,58740.3094092667,-8689.00978180103,13029.0407798973,-5239.69609480546,0,137,161,178,172,161,209
64,1.26022688343,"Fitzroy",18843.8779456612,-66392.7922365083,71903.633712347,7773.43285604152,23441.8113363006,14420.1218484573,0,79,142,4,48,117,59
65,3.71659387178,"Fitzroy",37004.4708980188,-214370.968092591,164916.755090148,9753.20376608575,50564.4030217711,23958.2113475345,0,53,78,218,44,68,47
66,9.56736323974,"Fitzroy",25885.7694255413,-567287.316837373,235419.719667682,-21353.5152265397,60792.1627063451,-7698.31215809376,0,63,60,330,285,59,231
67,1.24857659893,"Fitzroy",16136.191837511,-68312.5000286015,64744.5447287439,5904.45001618202,20691.6203488816,11753.3304647086,0,83,153,6,51,125,63
68,4.48975191197,"Fitzroy",64829.2447512328,-238839.489785494,250012.138351482,26059.0390929456,81210.0414634385,49068.979611202,0,40,56,231,29,53,37
69,1.20581264886,"Fitzroy",23125.2458545254,-58431.064682693,80541.7667969707,11051.9318586959,27524.6285559108,18892.5190192895,0,64,133,1,40,109,52
70,1.9295478597,"Fitzroy",2949.37784209718,-127557.467139912,44721.3837932492,-6446.88182933283,9984.63137806839,-3760.42953354973,0,154,197,115,136,183,180
71,2.42175346363,"Fitzroy",3537.78580209395,-160259.863618089,55764.9608197724,-8239.260852805,12373.5103831473,-4963.22697208497,0,141,166,169,164,163,205
72,7.63079695204,"Fitzroy",18930.4877195427,-454176.183916582,182906.037784352,-18168.3312506925,46756.4744206166,-7654.08201774254,0,78,72,313,267,73,230
73,1.08198604323,"Fitzroy",36.0534045401546,-73145.124303314,21273.1166243264,-4643.83455899934,3958.88334242984,-3426.7089871473,0,200,268,15,109,246,176
74,5.63712999243,"Fitzroy",12811.2442778345,-336688.791571731,132364.615816155,-14102.2516148007,33338.9930567836,-6445.15800629331,0,90,95,283,222,99,223
75,16.3215194868,"Fitzroy",52974.8710599075,-866959.990870995,396839.348079186,-24886.6224699266,112411.970890515,-2804.79723317001,0,44,41,362,311,42,166
76,8.41447032627,"Fitzroy",122542.717906262,-399151.421600134,456751.38215103,51995.716834573,153242.806443698,93005.5993110537,0,30,40,301,22,34,27
77,13.3296216957,"Fitzroy",8831.31971720277,-742470.279630954,244383.956057979,-42370.9557463285,56929.8803144733,-30723.0542790647,0,98,58,351,350,62,325
78,2.33317072218,"Fitzroy",35288.6291982231,-122517.64040291,133926.051693578,14676.2998940779,43801.1707573338,27098.5567405661,0,56,94,107,36,76,45
79,2.30766190181,"Fitzroy",3514.38952358019,-152566.566217643,53726.5280844906,-7749.47099267857,11933.8581667983,-4586.13577360643,0,142,169,155,158,166,198
80,2.12395661672,"Fitzroy",3450.48900393344,-140205.381221482,49949.4578799845,-6979.44072392656,11199.7304950758,-4005.19845011631,0,145,182,137,145,170,184
81,33.0897849983,"Fitzroy",594743.677314685,-1130427.39551731,1988361.58558699,301155.382975438,715471.325720857,478589.391168398,0,13,19,371,12,17,13
82,3.22810078405,"Fitzroy",49921.7909666416,-168413.943227491,187990.901827697,21084.2177777705,61699.473435971,38590.2665168318,0,47,69,177,34,58,42
83,3.49306165908,"Fitzroy",5645.13658639917,-230611.483928332,82078.5068871739,-11499.3450844863,18389.5223013137,-6616.47079709349,0,114,129,223,195,135,225
84,2.65839103237,"Fitzroy",4420.63854282901,-175382.222847205,62753.8795274096,-8663.3129862185,14119.7412037256,-4911.04612683114,0,125,155,185,171,150,203
85,2.61844131526,"Fitzroy",4485.43264958811,-172615.390793193,62114.7200953799,-8440.0370826859,14038.7782352239,-4706.01646300444,0,124,156,183,167,151,200
86,1.1954044253,"Fitzroy",1668.15446112742,-79184.1857589752,27478.3413154971,-4122.41359824062,6029.55640773264,-2528.03039290519,0,182,238,36,90,225,159
87,3.25054124018,"Fitzroy",8494.21012691271,-211359.306129355,83525.5573456771,-8401.95096342081,20353.7646555376,-2916.08493367549,0,100,126,214,166,127,169
88,4.35650114893,"Fitzroy",2797.55764176536,-291858.632019035,90340.79970975,-17036.2974377722,36630.886910337,-14372.4648924912,0,159,123,259,254,87,259
89,1.2367323859,"Fitzroy",1964.62716493319,-81682.9698405001,32287.8630023431,-2778.70462724946,6231.49082974009,945.420989710658,0,175,219,42,67,220,95
90,1.13581298637,"Fitzroy",1977.60727874835,-74844.2080473506,27017.741797346,-3638.41282616638,6121.59585577167,-2009.40018240171,0,174,239,25,78,223,144
91,1.70292862201,"Fitzroy",3000.8944677629,-112178.338102628,45143.8033563311,-3616.41564644999,8876.20285416059,1597.48647089074,0,153,193,100,77,193,85
92,2.14707193294,"Fitzroy",3224.32927106043,-141994.96783463,49643.3034885744,-7242.45712714397,11057.8873081172,-4312.48067920543,0,149,183,138,149,174,191
93,2.04977139084,"Fitzroy",3497.35401623209,-135140.926349877,48364.1980200127,-6616.90583857794,10975.8757518496,-3697.8440396562,0,144,187,125,139,175,178
94,1.20588806531,"Fitzroy",4931.73968365428,-76629.6717184635,31884.8456195215,-1784.5090108365,13217.7512028711,295.295869112611,0,120,222,29,59,159,101
95,1.28101677975,"Fitzroy",1847.00773157319,-84795.8072956628,29441.2013406731,-4375.53649439006,6520.79317714809,-2649.7270197342,0,177,227,53,100,215,163
96,1.11520896052,"Fitzroy",1656.91726814466,-73771.3247427895,25743.9066527662,-3774.44806728341,5725.74700285573,-2257.77849148867,0,183,249,18,80,231,149
97,4.13496245752,"Fitzroy",6338.50160188374,-273333.703333159,95904.5931614979,-13856.528923564,21424.8494534969,-8176.32558034619,0,109,118,250,216,122,236
98,1.27567254329,"Fitzroy",4170.40851099734,-82110.9438887499,31306.0086378254,-2684.33383423106,9927.1714653081,-422.935929156725,0,127,224,46,65,185,106
99,2.54860830361,"Fitzroy",19070.8395765491,-153306.760246658,93206.7239235776,2403.75577805428,39049.860307991,9006.67460506298,0,75,120,158,53,80,69
100,1.11872355751,"Waterpark",-13212.4153712976,-88878.3705657852,-9200.22737014483,-13146.3873449242,-9352.70005826016,-14134.3678850596,0,267,286,60,207,278,257
101,1.83461023223,"Waterpark",-21407.034053162,-145492.680323307,-14485.0259389497,-21374.3777277281,-15077.4142104385,-22918.9613462049,0,297,307,141,286,307,295
102,1.22966208123,"Waterpark",-13846.0947172188,-97015.484794068,-8545.85754882647,-13970.154698824,-9603.62338227383,-14859.4744083592,0,269,284,75,219,279,262
103,1.58043628666,"Waterpark",-18786.1448064726,-125680.489214778,-13276.976471673,-18657.7598128692,-13333.4412976975,-20088.607112367,0,291,300,113,270,302,286
104,1.29696914573,"Waterpark",-14856.751964826,-102578.520770577,-9598.99092017999,-14914.132939862,-10382.0532291726,-15925.6027512372,0,276,287,87,232,283,269
105,3.34447330836,"Waterpark",-39465.4037761605,-265672.106764325,-27426.4419142056,-39277.8026111924,-27926.5897091962,-42221.6274279249,0,343,344,244,341,348,342
106,1.95036836319,"Waterpark",-22169.6800858508,-154084.740058619,-14037.1340986655,-22305.8869982826,-15440.6746554582,-23777.0067844582,0,301,305,159,296,309,298
107,11.1338131958,"Waterpark",-106067.532998504,-733606.097243472,-64172.5427051008,-106403.312332634,-67654.5816349376,-115243.058703997,0,391,387,350,388,390,388
108,1.30046276382,"Waterpark",-15448.7111140907,-103406.774175102,-10903.0769707754,-15345.8244677064,-10961.9714687884,-16520.4380574251,0,280,291,89,239,287,272
109,1.63714379162,"Waterpark",1240.81713793869,-109488.994487169,31719.7354910342,-6386.17471141921,7213.90194876793,-4505.99737764684,0,188,223,96,134,207,197
110,1.8684669924,"Waterpark",28227.7846789546,-98147.7964735445,107251.628124202,11730.2561211429,35044.8741010505,21668.9378375506,0,61,108,79,39,92,49
111,3.92487411155,"Waterpark",58000.6623486852,-207462.013103997,221200.10607408,23722.3715355244,72320.5014470392,44223.2823519921,0,43,63,211,32,56,39
112,24.094025211,"Waterpark",-332581.195585074,-1690600.20685218,-297938.144190836,-303369.955961984,-249379.527267245,-352480.577134736,0,410,412,382,408,414,408
113,2.43202600962,"Waterpark",-29824.4882737716,-194316.931326747,-22551.92033187,-29475.633780417,-20769.1884360615,-32214.072162269,0,329,329,201,320,335,326
114,1.8843385058,"Waterpark",-25351.4030211823,-152800.46940936,-22668.2364586742,-24340.0736189811,-18850.2088412544,-26904.3134900954,0,317,332,156,308,327,312
115,1.41292678242,"Waterpark",2008.11807559458,-93556.5581967451,32404.6148397929,-4846.54648404729,7172.82476100186,-2952.63591212938,0,173,218,67,113,209,171
116,3.56058864257,"Waterpark",7914.82348106169,-232909.050197217,98188.1976325361,-6397.83468819897,20199.2769157441,4980.4923696343,0,103,114,225,135,129,76
117,3.55500770363,"Waterpark",5754.12938981401,-234692.27205867,93059.3173108046,-7911.69033963669,18019.3311695276,2824.39683300869,0,113,121,227,162,137,80
118,2.01797365368,"Waterpark",-25715.8481868977,-162203.457693273,-20939.2292353604,-25084.5369902315,-18747.0745591329,-27467.4477692232,0,321,324,171,312,326,316
119,6.59055211594,"Waterpark",18949.025772354,-389662.839464504,150686.484528945,-13916.8992214958,42994.5650054132,-4185.62881167197,0,77,84,296,218,78,188
120,2.63782820136,"Waterpark",2748.10828673515,-175663.966041178,52842.2409220381,-9758.45496566182,12372.1980448192,-6511.40509247919,0,162,173,187,182,164,224
121,1.21867668967,"Calliope",1814.09868957968,-80612.2837514752,28140.4010265216,-4122.18836443505,6260.43742497271,-2463.80540772035,0,179,233,39,89,219,157
122,1.44786605239,"Calliope",-2356.02711760357,-100283.854874804,22236.1501793218,-7816.06793436086,9929.49225031692,-7776.30628881365,0,252,264,83,160,184,232
123,2.26932529956,"Calliope",-12355.636335815,-165843.658721264,15389.5981199655,-17653.1212636462,-4296.55098575529,-17335.746231569,0,264,274,173,263,271,278
124,1.24104899036,"Calliope",18984.4073921345,-64955.1473516249,71798.9249561364,8017.30639975757,26872.4663588765,14276.3341098002,0,76,143,3,47,111,60
125,1.89642613266,"Fitzroy",3337.8936461887,-124928.731133655,44982.6720773422,-6049.42225371379,10256.9582936549,-3319.06543101099,0,147,195,112,129,181,175
126,1.02383047674,"Fitzroy",1943.54693053537,-67304.2225114407,24612.6648643301,-3165.54932347283,5678.97787832927,-1650.3797376127,0,176,254,5,69,232,134
127,2.275149049,"Fitzroy",3729.55901061295,-150152.358328807,53329.2255917773,-7452.53773982331,12030.4153255024,-4256.84718869464,0,135,171,147,153,165,189
128,5.10139430152,"Calliope",19984.831240644,-296299.784096998,153483.737413361,-2013.26204611453,37668.0668741121,14658.9371440458,0,71,82,262,60,84,58
129,17.745168966,"Calliope",81534.6932914548,-918641.765516813,536627.687904875,7151.15639383646,148629.306055299,63506.0757589564,0,33,35,365,50,35,32
130,17.6504983477,"Calliope",71588.7859779754,-923251.723426491,511739.437736124,1071.77876648965,134245.221231001,56022.1751135844,0,39,36,366,55,39,36
131,13.1829097808,"Calliope",49808.1877962014,-693224.242416919,373734.122082936,-1568.79435370424,95290.7746788836,38943.9706433848,0,48,44,347,58,47,41
132,5.81265951287,"Calliope",15927.6343477915,-344455.168755468,159034.949163217,-6645.75010467475,36004.8799693241,11124.0712546997,0,84,81,286,141,89,66
133,1.12763297965,"Boyne",2043.68729147443,-74224.8653292751,26883.6275831492,-3555.23271815571,6157.8312408223,-1914.6061056753,0,172,240,21,75,222,140
134,2.99032317845,"Boyne",-3847.75669872625,-206101.171421883,45578.2500098129,-15177.5017462136,20120.172996438,-14227.3542011286,0,256,192,210,235,131,258
135,4.93462048754,"Boyne",-603.82644421349,-334361.679495113,109278.439621867,-17076.0312324761,16421.1917712656,-4670.51454620554,0,229,106,282,255,139,199
136,1.13371382287,"Styx",1730.117829728,-74949.7185326934,26276.9147410119,-3804.65113385224,5866.44458302045,-2249.51805019948,0,181,245,26,82,227,148
137,3.53011774548,"Styx",5409.53895250844,-233353.40598384,81871.9398294702,-11830.9405349796,18289.1376138352,-6982.15928817886,0,116,130,226,198,136,227
138,1.9086766546,"Styx",-24084.4135621001,-153179.614300677,-19268.6548292746,-23523.4456529961,-17499.2435251934,-25657.3829592391,0,308,316,157,301,320,307
139,7.05130407843,"Styx",6273.37138462462,-430904.950120629,162707.184471342,-17312.9432919873,30601.1840516195,462.298229330714,0,110,79,307,258,105,99
140,6.01692384979,"Styx",-75280.5432324191,-448327.661895582,-67761.8450651914,-71970.5619627568,-54521.4629788069,-80239.1696260701,0,379,391,308,374,386,376
141,1.10255722762,"Styx",-15067.1806091237,-89639.7103680742,-13804.6603157417,-14407.5211399942,-11263.2191929136,-15975.8154449839,0,277,304,61,227,289,270
142,1.17305591647,"Styx",-16087.3287222619,-95428.1058252364,-14818.7323268968,-15368.9992667976,-12040.1340309077,-17054.0635761965,0,282,310,71,241,292,276
143,4.00590875928,"Styx",-53928.787702301,-324872.320318648,-48269.8244887879,-51768.8289081843,-40107.9279968789,-57230.1131406632,0,361,373,274,360,368,360
144,1.04075690208,"Styx",-10230.4315432295,-80623.0362153047,-4030.88761066557,-10878.3224822946,-6002.01102480106,-11457.8795214974,0,261,280,40,191,273,248
145,10.2170428068,"Styx",19985.6061571439,-555880.744486074,246539.434579518,-14421.6574440258,55235.5934121459,11565.603197326,0,70,57,327,228,65,64
146,3.84063394445,"Styx",-1750.62831292239,-261515.638183633,82086.0496337072,-14198.7796112811,11499.9959922754,-4915.74423373366,0,250,128,241,225,168,204
147,8.71382714842,"Styx",-66705.5447541159,-606959.699767292,10373.4013102104,-74211.5503021004,-36641.8084427915,-73886.7317115273,0,371,275,338,377,365,370
148,4.22113797379,"Styx",-57903.5970360402,-343404.366775297,-53358.1231300626,-55314.460792295,-43340.1685673663,-61382.2964728444,0,365,378,285,362,372,362
149,18.5171127558,"Styx",-211933.893335311,-1255619.65924347,-189004.621573523,-202165.903911811,-148047.690335277,-227194.097954974,0,405,407,376,402,407,402
150,2.35108481614,"Styx",-32341.7244013531,-191359.631159698,-29929.2486160071,-30873.2852220418,-24230.2224364504,-34279.2817133308,0,333,348,197,323,341,329
151,3.95544663979,"Styx",-53824.3043453054,-321354.782461533,-48993.0080531698,-51550.3466917131,-40172.7516702026,-57149.310525535,0,360,374,272,359,369,359
152,1.28639324649,"Styx",-17487.2599726671,-104493.717553707,-15892.9794913665,-16744.3992190514,-13049.0634788722,-18547.3916357985,0,287,311,90,252,300,283
153,1.85946419853,"Styx",-25479.4113354887,-151246.079774012,-23440.4405100719,-24346.9591352594,-19064.0560759237,-27011.8178547608,0,319,337,149,309,330,314
154,1.60621714891,"Styx",-21844.993015124,-130483.051100314,-19867.5363740901,-20914.5232668147,-16303.3454803458,-23168.7009730177,0,299,319,120,282,312,296
155,2.70515812448,"Styx",-36734.9696836932,-219700.96880549,-33331.0029826643,-35184.1454469017,-27401.8501576131,-38964.3291857389,0,339,357,220,334,346,338
156,5.75044460367,"Styx",-72520.9336392413,-429046.434706717,-66091.1945036352,-69190.5846329175,-52681.2406644997,-77259.9502057082,0,375,389,305,371,383,373
157,6.07149975605,"Styx",-72898.2132528243,-449329.018511827,-61278.210397765,-70449.102355058,-51950.8255927247,-77901.8197739434,0,376,384,311,372,381,374
158,1.72696939303,"Shoalwater",-23127.3708112862,-139932.624296879,-20527.7242431149,-22231.5519080293,-17169.1216031231,-24550.5905022649,0,305,322,135,292,317,301
159,1.19138131924,"Shoalwater",-13676.7913844477,-94257.0249157842,-9140.94053741852,-13879.1543401281,-8650.99289526243,-15189.398286923,0,268,285,69,217,277,264
160,1.56707120804,"Shoalwater",-21606.5434506494,-127596.927775837,-20064.0600071272,-20613.3149531221,-16199.9680112172,-22897.9873559529,0,298,321,116,280,311,294
161,1.97070222597,"Shoalwater",-26948.545528257,-160238.906074357,-24715.0787847522,-25764.3650424087,-20149.3992115711,-28572.6264590269,0,324,340,168,314,333,320
162,1.68006743206,"Shoalwater",-22528.3767053893,-136161.370472783,-20037.632987724,-21648.4254879873,-16731.9380022511,-23912.9454623582,0,303,320,129,289,314,299
163,1.79505731454,"Shoalwater",-24575.9234093488,-145986.369646695,-22579.9980626282,-23529.8607552303,-18145.1761139708,-26193.0243542721,0,312,331,144,302,323,308
164,1.03432310933,"Shoalwater",-14497.6803725555,-84455.1292184357,-13790.8910939608,-13773.3493696646,-10929.1549662153,-15350.0776873745,0,273,303,51,214,286,265
165,2.46897485213,"Shoalwater",-33568.0552142302,-200559.569144083,-30514.403493762,-32140.9007853567,-25049.8189116433,-35602.7672940206,0,334,349,204,327,343,331
166,1.86125263066,"Shoalwater",-25431.0673343298,-151318.698118294,-23294.2766543222,-24318.6998557955,-19009.5363646583,-26964.9490171813,0,318,336,150,307,329,313
167,3.006630352,"Shoalwater",-41148.7629153951,-244505.129171931,-37786.3995811007,-39332.1240641056,-30775.5365033905,-43626.5679840918,0,346,360,234,342,354,345
171,1.14744007901,"Shoalwater",-15407.3679408167,-93015.5929789794,-13734.029421391,-14800.2517961635,-11448.5652566851,-16352.9890009489,0,279,301,65,230,290,271
172,5.6226472957,"Shoalwater",-69927.5450039953,-418529.658855464,-62348.8598104822,-66956.5392232654,-50528.7425289793,-74561.2480767072,0,372,385,303,369,380,371
173,1.19074138771,"Shoalwater",-14067.7276954246,-94604.6788357259,-9803.51711334224,-13996.0645415587,-9959.53492882874,-15049.0328801331,0,272,288,70,220,280,263
174,1.74478321809,"Shoalwater",-24106.1878678956,-142116.296726189,-22453.7555920754,-22985.9717485059,-18086.4920692315,-25544.0850244332,0,309,328,139,299,322,305
175,1.20752856749,"Shoalwater",-16257.5566575063,-97929.9250191116,-14553.6186004741,-15606.0491350628,-12091.436420135,-17252.6987117675,0,283,308,77,242,293,277
176,1.04474951938,"Shoalwater",-13968.9483703554,-84631.5975942795,-12367.0335371923,-13433.469265458,-10364.4382397634,-14829.9411913946,0,271,295,52,211,281,261
177,2.98884095096,"Shoalwater",-553.78809077722,-202706.950916945,65753.1460570156,-10476.1473772307,9758.06073307394,-3016.93217618966,0,228,150,208,189,187,172
178,1.13575261788,"Shoalwater",-1371.94950218412,-78189.6817467846,19133.2325701209,-6014.1563346269,2771.85665046464,-5358.78144949555,0,243,269,32,127,262,211
179,1.04553087803,"Shoalwater",2271.53773848669,-68443.9594371989,25798.4976645981,-3029.20505550028,6086.14086483282,-1398.56193562799,0,169,248,7,68,224,125
180,1.55917664509,"Waterpark",2763.40086578838,-102693.027020881,41369.6690589436,-3299.91148893791,8142.75487910867,1478.45921782684,0,161,203,88,71,199,88
181,1.97753450248,"Waterpark",4075.80143689028,-129676.666771832,53792.1177819445,-3780.35860646852,10898.5120552674,2446.0918093339,0,129,168,117,81,176,82
182,2.14976928621,"Waterpark",27353.8338409698,-118047.901374924,111562.104319935,9861.78239117231,35197.2427942519,19807.5461434178,0,62,104,105,42,91,51
183,2.54336223394,"Shoalwater",-536.120597556484,-172558.897399533,55802.5759225411,-8960.72347383291,8238.76993677458,-2632.13849783705,0,227,165,182,178,197,162
184,1.29304959213,"Shoalwater",-491.315040979511,-87947.9810292476,27863.5509262652,-4710.8167817942,3969.85923455238,-1556.93530156306,0,225,234,58,110,245,129
185,2.98019570785,"Shoalwater",-389.489710798502,-201957.923116177,65939.7541767239,-10330.4362050388,9892.55009890733,-2845.51345357032,0,221,148,207,187,186,168
186,1.05231844233,"Shoalwater",-304.332585191763,-71478.9132697172,22897.2993121507,-3766.03717905297,3326.29493395113,-1171.56394717876,0,213,262,9,79,256,117
187,3.3167441072,"Shoalwater",-302.422147771198,-224633.633663117,73689.6580071269,-11404.0738923329,11140.7201643031,-3035.79312575958,0,212,138,221,193,171,173
188,1.09315772871,"Shoalwater",-317.399708048,-74254.1852220505,23783.0117464623,-3913.08393459703,3454.13060480954,-1218.28787483159,0,216,257,23,85,253,121
189,1.2238354722,"Shoalwater",-405.712397435696,-83181.0141091654,26509.4332279875,-4416.58984295853,3816.67925436969,-1414.29574665852,0,222,243,49,102,247,126
190,5.0033522491,"Shoalwater",13659.3786222001,-296546.664661654,136774.976690398,-5752.95344211034,30921.5234050643,9536.0491834385,0,89,90,263,123,103,68
191,2.59494622034,"Shoalwater",-220.873993433699,-175732.583854425,57689.6116616778,-8911.13008866474,8732.00809642476,-2359.40792112505,0,207,162,188,176,194,153
192,6.38122327955,"Shoalwater",5615.29253642776,-390018.259991499,147101.77629543,-15711.6316266023,27631.2505508194,356.441510372337,0,115,85,297,243,108,100
193,1.15073868163,"Shoalwater",-359.493343121714,-78190.8225756797,24976.9884371249,-4137.20132012759,3610.69472835701,-1307.83397856808,0,217,251,33,92,250,122
196,1.15088779804,"Shoalwater",-726.830367214399,-78568.2452331017,24129.6625233776,-4398.27408056323,3243.87522187102,-1675.29461972049,0,235,255,34,101,258,135
197,1.27508221768,"Shoalwater",-805.321093724639,-87046.7462470521,26733.3810888784,-4872.94079287467,3593.85457252586,-1856.1320305522,0,240,241,56,115,251,139
198,2.22884303495,"Shoalwater",264.811884197308,-150485.153186208,50603.1278120481,-7331.50439674274,7954.57150082196,-1572.00576523546,0,195,181,148,150,201,130
199,1.42201052961,"Shoalwater",77.2536987946678,-96101.8106440049,32072.648465421,-4742.57353105952,4983.35511138436,-1094.64426860985,0,197,221,73,111,235,114
200,2.33050133274,"Shoalwater",-31388.8810416004,-189014.603893354,-28116.362273634,-30127.9459225915,-23348.3824923355,-33309.4780929828,0,331,345,194,321,337,327
201,2.95959454969,"Shoalwater",-480.669865164353,-200655.723914378,65266.4961167351,-10325.6141062652,9730.26302538236,-2919.70862392889,0,224,151,205,186,189,170
202,7.37846467459,"Shoalwater",7609.60572423421,-449852.555295104,172676.667182263,-17374.8275065734,33066.1587925928,1528.91552052568,0,104,74,312,259,101,87
203,1.24095544309,"Shoalwater",-23.3076684061507,-83956.5352516326,27778.979726114,-4203.08871636595,4258.14999290939,-1045.99984471315,0,202,236,50,96,241,112
204,8.0475976919,"Shoalwater",6788.53962305853,-492159.628256512,184836.757827357,-20022.4418021779,34553.7042336849,156.401957019174,0,108,70,319,277,96,102
205,1.19017390449,"Shoalwater",-87.3033079082379,-80585.8721690398,26491.7727693915,-4077.16511218964,4018.92289178226,-1068.1387477897,0,203,244,38,87,244,113
206,2.56742736175,"Shoalwater",-301.930849102966,-173952.375961448,56884.6845201641,-8875.78854487138,8556.00401051487,-2417.78516690199,0,211,164,184,174,195,155
207,1.28357849733,"Shoalwater",-131.862052202285,-86947.9413379122,28483.5506688605,-4423.88725856542,4296.63961176061,-1189.67795574804,0,206,232,55,103,240,118
208,1.7104009737,"Shoalwater",-756.33810586638,-116440.970445823,36610.4254866753,-6306.81011281102,5144.74265734444,-2165.90223231324,0,237,208,104,131,234,146
209,1.17915113038,"Shoalwater",-744.721296542144,-80497.7541167749,24722.120531905,-4506.31595865332,3323.48460964357,-1716.4750031019,0,236,253,37,105,257,136
210,5.44062214313,"Shoalwater",5103.57281848593,-332213.046919104,126150.522775049,-13171.5740509612,23874.3504271974,619.883168328495,0,118,96,280,208,115,97
211,3.85970856275,"Shoalwater",622.479145543351,-260432.661074127,76302.6925304302,-15171.9572035571,14421.8617466034,-9097.797927202,0,191,135,239,234,147,241
212,7.6137868313,"Shoalwater",-80476.4757348473,-552528.525991579,-51510.7996173283,-80584.7982809417,-54208.0065439406,-86751.104623002,0,381,376,326,381,385,380
213,2.04495910816,"Shoalwater",2850.9732613007,-135461.823688281,45139.1318241165,-6859.59518170327,21377.3196762662,-5485.52384282636,0,156,194,126,144,123,216
214,2.76765063308,"Shoalwater",-4337.91663422961,-191530.657316956,44321.2004503543,-15361.1175649877,5759.81976992125,-14053.1341440701,0,258,198,198,240,230,255
215,3.57340479605,"Fitzroy",2381.32602896077,-239309.380647045,73860.3652385439,-13831.2729974027,34754.5980143481,-12186.019421262,0,168,137,232,215,94,250
216,4.54670164348,"Fitzroy",2871.25430682643,-304649.330674853,96187.8279667948,-17908.6008314938,19416.0699510188,-12496.3266669093,0,155,116,267,265,132,251
217,33.8041836044,"Fitzroy",271612.042544376,-1490804.96010489,1185404.8754353,69336.211928639,394946.170414038,152950.014671704,0,23,26,378,19,28,25
218,9.77385669248,"Fitzroy",36678.7919560003,-569296.814247424,266317.924430721,-14554.6982754079,72338.5979036721,2369.8382188117,0,54,54,332,229,55,84
219,70.0424440813,"Fitzroy",1209912.98624189,-2047041.80387879,3971076.5987275,622828.357526397,1465461.95241303,964044.636009759,0,7,11,391,6,10,7
220,7.14636451643,"Fitzroy",18205.9251024726,-424866.109432903,172435.954142138,-16751.2729900974,44279.3301678412,-6879.77641456312,0,80,75,304,253,75,226
221,11.0846399611,"Fitzroy",41935.000652096,-582831.997323504,283491.064704737,-13054.6592311251,82371.8844695611,3096.43257189123,0,52,53,334,205,52,78
222,18.240394597,"Fitzroy",426057.114362948,-602031.900187882,1344147.63037985,231744.333116194,492606.949106832,362028.297021767,0,16,25,337,14,23,15
223,3.03400078051,"Fitzroy",46435.0050852799,-158772.586707171,175582.172714435,19472.37286847,57504.5161326283,35784.8253570426,0,49,73,165,35,61,43
224,3.85235936813,"Fitzroy",88612.9814877508,-171945.088810491,291612.156183998,45759.0037731295,102668.268758141,75090.1316598429,0,32,50,181,24,44,29
225,21.8590792596,"Fitzroy",76349.0773329478,-1155700.98252085,544376.716670147,-30302.438961668,156101.689792699,-382.324842181552,0,37,34,372,322,33,104
226,8.0346670336,"Fitzroy",19589.4701316635,-478557.001575302,192727.856117156,-19457.3403227428,48903.8631200611,-8614.44534529013,0,73,68,316,274,72,238
227,2.26767045496,"Fitzroy",-22212.2400207674,-175588.335383212,-6884.49366044474,-23796.3804727292,-14315.8850806021,-25064.5160190052,0,302,282,186,304,305,304
228,8.41962429488,"Fitzroy",-85556.8833023112,-607570.567012297,-44592.2629373499,-87188.7402093224,-56412.5888683467,-93789.9167996253,0,383,370,339,382,388,382
229,67.247726665,"Fitzroy",1131692.81145536,-1995308.37131422,3738682.95428857,576736.406041358,1377045.31315085,895634.666822542,0,8,12,389,8,11,8
230,14.4812785575,"Fitzroy",52192.4382001913,-764020.353822679,365986.91050335,-18931.094421237,105027.20713221,1359.13737786807,0,45,45,353,271,43,89
231,2.28444979255,"Fitzroy",3171.01682639861,-151339.965343207,51633.0402546922,-7861.34182249252,13137.391291279,-5018.8003312803,0,151,175,151,161,160,208
232,4.04494734596,"Fitzroy",61524.2832664921,-212059.662104869,233122.368604043,25688.9012904595,76282.2327427516,47325.3892349384,0,42,61,215,30,54,38
233,2.29331911101,"Fitzroy",28981.0852250618,-126129.781919428,117400.13714326,10378.933647629,37348.2345576606,20930.8972967951,0,60,101,114,41,85,50
234,9.24384597086,"Fitzroy",21880.3507711078,-551234.780961158,220210.446366086,-22851.7899848675,55606.4218637352,-10568.1211738052,0,68,64,325,298,64,246
235,2.37812087645,"Fitzroy",3719.73742686745,-157126.779549184,53497.7007998605,-7742.45259392557,22300.9484684992,-5664.76577334069,0,136,170,163,156,121,218
236,5.32334302387,"Fitzroy",10927.8060565882,-319117.550389075,121071.15037779,-14111.598021345,43707.6993095971,-9156.67287952272,0,94,97,271,223,77,242
237,5.56527287786,"Fitzroy",15037.23151673,-330007.68902558,151774.24884296,-6509.87236584405,34238.0662566003,10450.8160899346,0,87,83,279,138,97,67
238,2.7904430915,"Fitzroy",4787.20425812354,-183947.126503763,73671.956046622,-6018.19968584317,14414.5497941935,2487.56433705106,0,122,139,190,128,148,81
239,11.1143353993,"Fitzroy",42066.6685007349,-584374.062662672,284309.117151921,-13104.3801045101,82617.2334613635,3052.25071419959,0,51,52,335,206,51,79
240,2.53107591967,"Fitzroy",4061.05537974924,-167130.724614465,59124.2608999876,-8353.30829991514,13295.6690981812,-4823.73595398411,0,130,159,174,165,158,201
241,2.58556386605,"Fitzroy",4108.22537326088,-170768.899835821,60303.8204008838,-8561.68147060664,13541.6086901963,-4967.80583904676,0,128,158,179,169,155,206
242,8.19901469107,"Fitzroy",22375.3931074137,-485960.574363299,201280.878052248,-18163.3647436157,52289.3765463623,-6405.37439272767,0,65,67,318,266,66,222
243,5.49676045695,"Fitzroy",14824.2102444499,-325972.964796809,134533.111113337,-12302.3291337617,34879.0683611517,-4470.91184678263,0,88,93,276,202,93,196
244,1.47955051821,"Fitzroy",2803.13453490143,-97267.7028648537,35555.3172946507,-4578.48449220057,8201.25420204194,-2390.49546408127,0,157,211,76,107,198,154
245,9.50239429854,"Waterpark",-101418.84899401,-690563.884225815,-66557.8343946434,-101269.172799657,-68634.4881231459,-109249.899075575,0,389,390,346,387,392,386
246,4.39389447123,"Waterpark",-50548.7310148594,-347734.054375161,-33021.6155110072,-50680.122393693,-35389.2602679745,-54169.8043399266,0,357,355,287,356,364,356
247,6.17018872353,"Waterpark",17339.3805679839,-365210.10524629,169481.589479578,-6743.84259455961,38627.2603121114,12254.442262698,0,81,77,291,142,82,61
248,22.9919299123,"Waterpark",80216.5825733262,-1215684.68976241,633634.055096569,-7743.21224141199,161208.798850658,60301.8221291964,0,34,32,374,157,32,33
249,4.32312769718,"Waterpark",7434.44851231018,-284964.495300891,114178.461828997,-9311.13146957048,22349.7544523591,3871.69771602498,0,105,102,258,180,120,77
250,8.11638177619,"Waterpark",22005.74194872,-481207.014463937,221522.032858501,-9440.44436637146,50008.2056326004,15316.9217402244,0,67,62,317,181,69,57
251,11.7844109907,"Waterpark",44629.1872516675,-619579.222169659,334329.659835123,-1327.98607770576,85286.7849813151,34917.4931524266,0,50,47,340,57,49,44
252,15.9398867516,"Waterpark",79313.3198103245,-819111.457973789,495790.330556132,7619.03426156846,135057.594784955,56024.0934121733,0,35,38,357,49,38,35
253,16.7685439141,"Waterpark",64519.1936537135,-880611.444634933,478081.157925085,-3387.87466248342,135202.21546958,43261.0383601608,0,41,39,363,73,37,40
254,5.56592058506,"Calliope",15373.0652140796,-329712.012942109,137064.905235424,-12200.1044059765,35680.2547093522,-4164.85448038012,0,86,89,278,200,90,187
255,3.11263926077,"Calliope",9273.39851145834,-201252.983328785,91163.8648061065,-4207.09034016721,20223.5640728755,5967.79969671945,0,97,122,206,97,128,74
256,3.08425007799,"Fitzroy",4665.03816945782,-203941.213699606,71389.3349981432,-10380.0954957033,15917.8857132232,-6161.53296660548,0,123,145,209,188,141,220
257,53.0306553883,"Calliope",307838.665973046,-2158072.53052495,1621065.63081324,96505.7930730213,490887.404590232,263916.925531776,0,20,22,393,17,24,18
258,7.37991805688,"Curtis Island",-70751.6526282265,-528303.922827793,-32704.1244064356,-74420.3325646172,-41803.6474469258,-80983.2313798302,0,373,353,323,378,371,378
259,2.0630912423,"Boyne",3556.64456956412,-135982.536896735,48763.1859584197,-6633.98815234073,11083.8026271363,-3685.37233733409,0,140,185,127,140,173,177
260,9.04557862082,"Boyne",-8247.96322330364,-569070.59042936,143615.026240524,-40960.8893209859,34644.5494697087,-35382.9419951216,0,260,86,331,345,95,330
261,1.09014468225,"Boyne",2090.96997123729,-71642.0252168078,26183.7199958832,-3352.73644439755,6214.89924259127,-1751.09445984624,0,171,246,11,72,221,137
262,1.43744870269,"Boyne",3117.43843512277,-94105.8017496122,35446.9509221703,-4168.34326650506,8380.5166042941,-1930.35142248777,0,152,212,68,94,196,142
263,3.98801770713,"Boyne",869.665654222867,-268863.788260128,77246.880201486,-16704.3720126735,36999.1938747312,-15387.9223578658,0,189,134,246,251,86,266
264,34.7655136279,"Curtis Island",-171794.642310383,-1984331.60639404,110862.865210562,-226548.350757434,-49080.1506012366,-237946.307746774,0,403,105,387,404,378,404
265,18.8882427009,"Styx",-219391.489441591,-1283995.36748264,-200226.213067562,-208494.759791049,-154224.844379086,-234957.547390444,0,406,409,377,403,408,403
266,6.29954817758,"Styx",-74120.6995586959,-464690.42508514,-60070.0229916796,-72385.0881339866,-50275.2258465424,-80536.4427054303,0,378,382,315,375,379,377
267,14.529277207,"Styx",-133007.151011805,-951925.305794335,-75422.2348092726,-136906.890985427,-71947.1617899737,-151319.778257371,0,398,394,367,398,396,400
268,3.99662974996,"Styx",-54950.7679432242,-325266.705745157,-50814.1625755657,-52462.5419468242,-41161.4765752353,-58244.7058055742,0,362,375,275,361,370,361
269,20.0832473811,"Styx",-99509.4668350418,-1231467.76407558,96871.3661567682,-136000.381796425,22993.4881338783,-146915.02343158,0,387,115,375,397,118,397
270,5.94468665723,"Styx",4276.78100777634,-364291.657649196,134828.52031887,-15313.7872050466,24786.6592831808,-622.3196510446,0,126,92,290,237,114,108
271,10.675267209,"Styx",19949.9213404674,-581743.473317381,255438.157403371,-15729.5805740267,56780.8558815581,11152.2847454403,0,72,55,333,244,63,65
272,65.2269657299,"Styx",245086.382401364,-2787949.96099706,1683374.4235484,24068.0738445664,470127.085108056,191331.940756822,0,25,21,401,31,25,23
273,34.599329612,"Styx",-367056.595407669,-2170929.37938219,-322827.121885467,-349762.557111362,-247684.845709947,-395570.378363174,0,413,414,394,411,413,412
274,2.44501411128,"Styx",-2173.60215405593,-167544.508087043,41828.6970187326,-12362.1418167269,6741.11130154426,-10676.2514101096,0,251,201,175,203,213,247
275,5.54838193471,"Styx",3172.15275832728,-340825.535372386,111668.580046473,-18457.254235969,22982.2443316908,-10439.4700522684,0,150,103,284,268,119,245
276,22.7721565144,"Styx",-252958.198819709,-1536472.3150076,-214660.03135518,-243879.927568018,-174260.586895983,-273499.224158694,0,407,410,379,405,409,405
277,57.9730916945,"Styx",-556766.301644067,-3252499.45557775,-487988.452204298,-528067.091200821,-356752.336382789,-604542.721173577,0,416,417,406,415,417,415
278,32.3479011258,"Styx",-345297.519942714,-2031789.68941214,-306743.268667528,-328510.953340287,-233693.468013184,-371955.868519591,0,412,413,390,409,412,410
279,9.03589986537,"Styx",-114560.895982367,-674783.443825113,-105254.686704839,-109151.681061141,-83385.9803671324,-122007.505249299,0,392,402,345,389,401,390
280,13.9120718614,"Styx",-50963.3681842984,-835093.786760849,135456.509653474,-75091.8784011943,-2965.09371432511,-62428.4961056136,0,358,91,359,379,268,364
281,16.3450619806,"Styx",-137449.238054125,-1058711.03286042,-51913.6600312226,-143250.605645555,-81056.8625048225,-150919.426443169,0,399,377,370,399,400,399
282,11.6652543469,"Styx",-6934.94657743664,-664427.2931499,205285.717231538,-37571.3680268359,33311.5351654568,-16548.4392844258,0,259,66,344,338,100,273
283,2.95683292666,"Shoalwater",-40027.7291645111,-240015.998155836,-36142.7634787927,-38369.0770851852,-29825.4210942594,-42465.0137682098,0,344,359,233,339,351,343
284,6.21139187307,"Shoalwater",-77488.3499202631,-462592.416214441,-69430.2290438889,-74136.8655459571,-56058.3253401649,-82607.241711289,0,380,392,314,376,387,379
285,2.92596748496,"Shoalwater",-40892.2873101624,-238792.942151367,-38735.2256230884,-38886.481462467,-30748.6577918681,-43331.8510019755,0,345,364,230,340,353,344
286,3.12871819628,"Shoalwater",-36568.8435915231,-248182.739863467,-24845.1870187926,-36913.8378684908,-23352.9274523537,-40551.300757789,0,338,341,235,335,338,339
288,3.39485360431,"Shoalwater",-46690.9684626921,-276305.191736317,-43195.7445771581,-44573.2077464093,-34978.3374822277,-49488.710964252,0,356,369,255,354,363,355
289,2.01285962793,"Shoalwater",-27558.3749045926,-163700.092308611,-25320.9978941777,-26339.1705966546,-20613.7716392532,-29217.2004702847,0,325,342,172,316,334,323
290,2.65688089809,"Shoalwater",-36273.5902264639,-215974.312216642,-33185.9121194732,-34693.9963710461,-27107.0423673903,-38463.1615175503,0,337,356,219,330,345,337
291,2.06720123332,"Shoalwater",-28076.5697983783,-167893.734502164,-25481.6821430247,-26890.0810317062,-20944.4871547222,-29780.177704243,0,326,343,176,318,336,324
292,3.47165285968,"Shoalwater",-39300.993238908,-274109.608797192,-24613.2366932061,-40153.1126728841,-24067.2154348324,-44050.0428831864,0,342,339,252,343,339,346
293,6.69286585555,"Shoalwater",-83748.5946967943,-498703.875059721,-75399.755595444,-80063.5645040496,-60657.4076015705,-89264.280767288,0,382,393,321,380,389,381
294,7.94323514462,"Shoalwater",-98915.5413556698,-591393.268769136,-88376.5852296797,-94693.1710215981,-71441.8625591487,-105501.444257363,0,385,399,336,384,395,384
295,3.36226570508,"Shoalwater",-45155.9136772212,-272566.022711482,-40264.1471572229,-43374.3788906143,-33555.6875209298,-47926.8065534072,0,352,366,248,351,360,352
296,5.26419364116,"Shoalwater",-66264.7767563289,-392642.892708091,-60215.6221983598,-63252.0413625421,-48102.7033566056,-70603.0680208286,0,370,383,298,368,377,369
297,2.84758911381,"Shoalwater",-38933.1756215582,-231532.633147447,-35697.4208689207,-37223.9514055035,-29108.6558773397,-41279.9136423889,0,341,358,224,336,350,341
298,1.61611302634,"Shoalwater",-21922.7833219285,-131230.158695739,-19858.4242929361,-21003.0893720114,-16347.0141262826,-23254.6417646273,0,300,318,122,283,313,297
299,2.59774122539,"Shoalwater",-35365.2141826423,-211065.966926893,-32213.4235281022,-33850.124861976,-26402.7062652994,-37506.0473876446,0,335,352,213,329,344,335
300,3.36762440857,"Shoalwater",-45825.5032000155,-273598.053353401,-41712.3025508555,-43867.429893471,-34206.8189157522,-48600.8050846653,0,355,368,251,353,362,354
301,78.7995318091,"Waterpark",460886.585788221,-3203270.4257378,2416796.90814601,145705.948449623,732804.977304065,395259.870359723,0,14,17,404,16,15,14
302,19.3757782817,"Waterpark",131107.084356893,-960975.912743651,683387.272589819,22085.035439675,201063.505509432,73057.2705648228,0,28,31,368,33,31,30
303,6.68654041534,"Waterpark",91917.9887442657,-322645.11659642,353376.741975942,37445.0204651514,116313.746291575,68446.3826928325,0,31,46,273,26,41,31
304,99.2299089702,"Waterpark",386072.734747186,-4228091.31367751,2593424.03404542,45994.0518535012,728427.571648577,304296.003335498,0,17,15,410,23,16,16
305,8.81199349969,"Shoalwater",-101726.738581376,-648067.172132418,-79499.2532343407,-99945.1951264916,-67920.2195231459,-110962.628267305,0,390,396,342,386,391,387
306,2.4251904772,"Shoalwater",-25077.362468471,-189107.477642186,-11887.4141282837,-26487.2694009162,-14479.8602919353,-28697.0272791162,0,314,293,195,317,306,321
309,4.45669726755,"Shoalwater",-360.758281912473,-301793.809814681,99122.1888107416,-15291.262931864,15015.3798363064,-4033.5859493211,0,218,113,265,236,145,185
311,3.43898444014,"Shoalwater",-42192.9466020527,-274792.001851542,-30890.5786935133,-41531.427529468,-30328.0619417003,-45027.0572425861,0,348,350,254,346,352,348
312,4.35494612953,"Shoalwater",-1697.5562822104,-296248.570694436,93744.3136563736,-15896.2444866931,13327.5323928042,-5286.53037743359,0,248,119,261,246,157,210
314,3.15084329989,"Shoalwater",-1251.8758334943,-214362.224993365,67769.9997354915,-11517.8747166465,9618.89200558146,-3848.52634341818,0,242,147,217,196,192,181
315,8.04242080029,"Shoalwater",6104.75671679869,-492522.445741411,183144.454023718,-20491.5042093939,33852.0497194074,-523.112040111198,0,111,71,320,279,98,107
316,2.34252406261,"Shoalwater",-784.311897183754,-159223.203769605,50723.2821027003,-8459.21884901605,7297.65706296392,-2714.81479561938,0,239,180,166,168,206,164
321,6.30364776964,"Shoalwater",4807.58414466068,-386016.314617785,143601.116360807,-16045.150631744,26555.9165540467,-387.340379238252,0,121,87,295,249,112,105
322,4.58853289127,"Shoalwater",-615.760831415886,-310965.64291671,101488.518321222,-15916.9168175327,15215.2062607355,-4397.23141205503,0,231,112,268,247,144,192
323,51.2321562281,"Shoalwater",269768.37251934,-2112513.09729404,1474939.48604763,59629.8006514988,449149.08232693,192018.683641475,0,24,23,392,21,27,22
324,67.816650788,"Fitzroy",432211.379553774,-2721244.62174655,1982702.21019952,78669.3516567243,680826.974695766,194031.892877405,0,15,20,399,18,19,21
325,40.1611615005,"Fitzroy",163180.79873365,-1930663.99583229,992500.343224596,-27441.8701732544,499183.868673821,2373.09487063449,0,26,30,386,319,22,83
326,47.8297048403,"Fitzroy",855849.436567451,-1637803.00683214,2864266.44769893,432593.068262612,1030355.49871028,687953.951614361,0,12,14,380,10,14,12
327,5079.37285964,"Fitzroy",49791349.1881403,-164926351.083728,187597400.75792,19778507.7053705,68353006.0513781,33047479.7208561,0,1,1,425,1,1,1
328,134.748626355,"Fitzroy",2473916.50013335,-3222242.44807773,7844605.22984612,1330994.79832446,2965545.19110238,2000911.51409717,0,3,6,405,4,6,3
329,19.2619857297,"Fitzroy",73489.4885949527,-1012179.78362553,496227.983001756,-22296.0809741842,143766.618159525,5874.57250282666,0,38,37,369,295,36,75
330,42.2532027788,"Fitzroy",293838.843729836,-1909076.74403343,1393287.51754483,65110.9205506478,459859.653683896,170787.628206343,0,22,24,384,20,26,24
331,41.6375115735,"Fitzroy",-208256.495055915,-2379072.36814182,289667.211424965,-278122.398530516,67409.8558012652,-319114.970619434,0,404,51,397,406,57,407
332,38.9481289821,"Waterpark",-338890.326009359,-2369492.3823328,-191589.535542012,-341018.542347298,-204514.705858497,-370988.014760638,0,411,408,396,410,411,409
333,50.5572520937,"Waterpark",-57205.6900500357,-2408104.29933881,570150.37998432,-173725.505596421,120399.211748942,-141883.524964243,0,364,33,398,401,40,395
334,59.3773810123,"Waterpark",1092117.52290964,-1668914.70618218,3539168.91803361,577308.613453261,1308346.83397552,889215.575631777,0,9,13,381,7,13,9
335,144.692207162,"Waterpark",973197.108359816,-5143301.68540807,4571962.18403834,363387.95198237,1477220.01680107,788715.169095737,0,10,9,411,11,9,10
336,376.661830001,"Waterpark",1762711.97994436,-14159718.6336138,10133090.5947119,466168.509217922,3062317.71144172,1451241.24917904,0,5,4,419,9,4,5
337,3.88478547529,"Calliope",5940.21197584524,-256811.029597846,89697.9889411092,-13001.6622220939,20165.5167706453,-7636.7444480918,0,112,124,238,204,130,229
338,200.338772788,"Styx",-1675474.41735274,-10144291.6822023,-1336580.2601088,-1610316.98886057,-956781.117355495,-1856955.23569975,0,422,422,418,420,422,422
339,135.43623338,"Styx",-1184287.74040392,-6909513.54453966,-1014062.52912225,-1121898.58115866,-717016.849679651,-1295902.59729658,0,419,420,414,418,420,419
340,190.625313412,"Styx",-1498629.65990626,-9556834.8833617,-1065191.54337703,-1469936.80581263,-792612.226508678,-1688397.93053231,0,421,421,417,419,421,420
341,101.529356756,"Styx",-897888.171773179,-5189786.12751323,-783775.41630178,-848237.879238918,-547597.132647822,-981690.019574587,0,417,418,412,416,418,417
342,29.6294312567,"Styx",-288873.10500238,-1833634.96160402,-220770.96107053,-282934.718956034,-178133.869019963,-318227.921179911,0,408,411,383,407,410,406
343,96.304010396,"Styx",370030.720398963,-4108079.83215419,2506166.70333789,41333.5469098124,702290.858864271,290665.263354424,0,18,16,409,25,18,17
344,79.0817109147,"Styx",302671.918674626,-3374606.34528212,2055237.56264847,33101.0161530076,575513.100622016,237499.595549,0,21,18,408,27,20,20
345,185.940408817,"Styx",882587.280779349,-6977575.39521427,5030993.55944974,239141.822006822,1524103.52057971,729351.235647906,0,11,8,415,13,8,11
346,359.098029548,"Styx",-2918479.80362392,-18098444.9700659,-2118110.9938444,-2817457.44694443,-1679549.44994062,-3214417.42112026,0,424,424,421,424,424,424
347,732.442481217,"Styx",-1185254.47816696,-32147416.4407132,7891267.4499233,-2365631.88809748,1341897.68391567,-1790760.72526515,0,420,5,422,423,12,421
348,11.4128059935,"Shoalwater",-121786.987673713,-765050.50945339,-96031.9338572912,-118877.719994153,-79270.7861643725,-133013.503536244,0,396,400,354,392,397,394
349,11.6969119813,"Shoalwater",-132421.671259941,-791698.346892843,-116025.860172493,-126673.728965858,-92065.9588008622,-142061.255407671,0,397,404,356,395,403,396
350,11.794595407,"Shoalwater",-121654.878871526,-786437.315705581,-86191.504137784,-119309.751110439,-80962.1244457979,-131374.970689692,0,395,397,355,393,399,393
351,47.1766357788,"Shoalwater",127544.279524364,-2332059.71498023,1170004.57450312,-31413.5018444374,290309.225020693,88665.3626918696,0,29,27,395,326,30,28
355,59.4839124902,"Shoalwater",-540920.973993778,-3306906.88812323,-423092.840476491,-520296.602667619,-335694.502395576,-589942.481031192,0,415,415,407,414,416,414
356,253.992812116,"Waterpark",3441609.86281827,-7295296.84006897,12050403.6447241,1912770.32683535,4317914.90496962,3232290.89214061,0,2,3,416,2,2,2
361,1270.70962656,"Styx",-10955953.1009958,-64672003.5402671,-9133316.09637365,-10425902.6190119,-6563748.51310824,-12029628.1029008,0,425,425,424,425,425,425
362,281.393126387,"Styx",-2465395.01453601,-14360581.0226784,-2118071.44679125,-2334368.12561083,-1494555.686693,-2697294.95693346,0,423,423,420,422,423,423
363,47.7211944342,"Styx",-313657.169536429,-2801652.30770679,775.846755840874,-361603.972657526,-136967.666498806,-394241.545046655,0,409,278,402,412,406,411
364,44.9208147378,"Styx",-481516.52788196,-2823510.8973733,-430621.177946235,-457621.726600072,-326532.160817136,-518537.717757417,0,414,416,403,413,415,413
365,1.17561653116,"Shoalwater",3938.24275670752,-75575.7240097038,29070.4065962146,-2312.50592525872,14588.7901377623,-854.297305471613,0,131,229,28,63,146,110
368,2.3363384117,"Fitzroy",3932.29051151591,-154088.228849249,55000.6963678837,-7580.31595674253,12456.3977759727,-4268.90952351047,0,132,167,160,155,162,190
369,1.24553596151,"Fitzroy",20384.2132731304,-63858.822125627,74858.7318272912,8931.27026223207,24928.5503825286,16012.0231417168,0,69,136,2,45,113,56
370,2.86296560216,"Styx",10310.2535888461,-183329.207672308,72461.0319288783,-5121.24304689334,36247.3741171957,-1360.94834869921,0,95,141,189,118,88,123
371,1.69051037517,"Styx",-18204.8306097798,-132544.1429848,-12371.9761949004,-18616.7581144258,-12372.372681216,-19598.0031141061,0,289,296,123,269,295,285
372,1.9591434638,"Shoalwater",-26730.9505605438,-159239.522992334,-24432.252744709,-25571.0193151087,-19971.6876007468,-28345.5047365769,0,323,338,167,313,332,318
373,1.09066052988,"Shoalwater",-14618.5686216049,-88386.4536655011,-12993.3153742779,-14049.1640416737,-10855.6636021922,-15517.3965040596,0,274,298,59,221,285,267
374,1.72873783396,"Fitzroy",-23199.8109593188,-140124.67466611,-20661.6534237119,-22288.9031721978,-17235.4550433968,-24624.4893316023,0,306,323,136,294,318,302
376,1.73715294468,"Fitzroy",1764.64014827786,-115729.38775142,37702.583080552,-6365.11459267875,13415.1031891785,-4889.25395076342,0,180,206,103,132,156,202
377,1.54948289359,"Waterpark",5153.09512713833,-99647.6864546494,42371.0556774182,-3221.93246619867,10806.3535245165,-286.008526556219,0,117,199,82,70,178,103
378,8.78033499534,"Waterpark",-99900.1152158554,-644277.732862328,-78706.1753200594,-97963.3179835761,-69606.9115977248,-107136.113977552,0,388,395,341,385,394,385
379,1.63467423868,"Waterpark",-19432.597498764,-129995.378510407,-13736.6534000582,-19299.2996918493,-13792.75962341,-20779.7597334577,0,294,302,118,273,304,289
380,1.86693114872,"Waterpark",-25163.1782866367,-151434.881159022,-22565.2902372629,-24147.8305667121,-18722.0506502586,-26701.7409354834,0,315,330,152,305,325,310
381,1.7329101467,"Waterpark",1610.05888463418,-115597.003249751,36593.4391936492,-6384.50357828745,17309.3835491547,-5454.33318010685,0,184,209,102,133,138,215
382,1.50342922457,"Calliope",2542.31498975475,-99143.5819243987,35420.383784182,-4869.48156649335,8027.56053817762,-2735.14041855897,0,165,213,80,114,200,165
383,1.48527131232,"Calliope",-11192.4474425135,-111650.216312423,2735.13566028352,-13571.8071979232,-5315.58895350375,-14079.3652681,0,262,277,99,212,272,256
384,2.09437970603,"Coral Sea",2444.86013111173,-139210.546991477,52448.7029269015,-5331.45852524284,9670.71696509996,718.852814023467,0,166,174,133,121,191,96
385,2.78143279573,"Curtis Island",3511.58028259693,-184613.330367015,57141.4920216498,-9854.26219577367,13659.5928443722,-6252.00884117077,0,143,163,191,184,153,221
386,2.2127046545,"Curtis Island",3783.05183678728,-145875.378185622,47748.3314420668,-7137.44194124755,11856.0965927458,-3984.17268083569,0,134,189,143,147,167,183
387,1.43586399957,"Curtis Island",-3872.99061128946,-100989.047860196,16836.4860240721,-8762.77785108046,1299.15837312287,-8011.38561816167,0,257,272,86,173,266,234
388,1.51797034801,"Styx",2190.09215018096,-100479.307781588,34890.3483294278,-5183.86876697137,7728.38670672131,-3138.40268240717,0,170,214,84,119,202,174
389,2.95740289456,"Styx",-38673.1903512908,-238700.009675532,-32995.0353528505,-37410.0055050559,-28469.8132178018,-41110.4243009832,0,340,354,229,337,349,340
390,1.65058986507,"Styx",-18911.461623748,-130550.711496025,-12092.8606087028,-19256.080218118,-13165.9178927762,-20959.8230325198,0,292,294,121,272,301,290
391,3.08858982351,"Styx",-41897.390940603,-250797.165716079,-38015.2978423195,-40167.9113078027,-31077.9911467326,-44537.4854833147,0,347,361,236,344,355,347
392,15.4973870728,"Styx",30567.1869743798,-842916.844254209,374540.453912925,-21695.7847438178,84035.0015259324,17795.5750721603,0,59,43,360,290,50,54
393,1.52771252376,"Styx",-20396.2620021594,-123724.583460026,-18014.0886549355,-19622.0217774049,-15125.4831827226,-21655.268790989,0,295,315,108,275,308,292
394,3.24109468335,"Styx",-43359.0959788002,-262573.685181961,-38420.6586077863,-41691.0213851334,-32176.9550463663,-46030.1227529967,0,349,362,243,348,357,349
395,3.89518455347,"Styx",-52921.7262354835,-316376.319569625,-48055.4085818235,-50680.927072292,-39482.8980273196,-56131.7975603509,0,359,372,269,357,367,358
396,1.70698694231,"Styx",-23283.2639396878,-138736.984948195,-21270.9233708001,-22274.7202963393,-17393.9480767357,-24690.01783831,0,307,326,132,293,319,303
397,1.24835847706,"Coral Sea",2404.3255365303,-82029.6134448936,33566.8904968313,-2527.57869081844,6715.32907752876,1321.16697865789,0,167,216,45,64,214,91
398,1.74483346891,"Shoalwater",-1709.89544011356,-119723.40306146,30315.2212806385,-8957.23008303578,4656.0949886092,-7834.73166134638,0,249,226,106,177,238,233
399,1.23751216889,"Shoalwater",1844.50491616938,-81855.8334697298,28580.7993341733,-4184.21431280065,6359.54467101583,-2499.49769275975,0,178,231,44,95,218,158
400,1.38157248476,"Fitzroy",2570.15529996959,-90873.8425742351,33091.1566379337,-4308.88706398915,7610.83264762797,-2279.57288359606,0,164,217,63,99,203,150
401,1.58424131774,"Fitzroy",-2760.51551009006,-109912.216893923,24732.1414219513,-8575.15047627129,2942.33089269282,-7275.80566597887,0,253,252,97,170,261,228
402,12.6213536378,"Waterpark",51549.9784535259,-659831.288809052,306068.097598625,-12200.3199156241,97598.8160466208,7245.5467089681,0,46,48,343,201,46,72
403,4.99399950689,"Shoalwater",-60654.021899816,-398428.032639958,-45311.6829280995,-59872.8374375424,-43424.1357144355,-64769.6458751876,0,367,371,300,366,373,367
404,8.89065715344,"Styx",8304.98153998183,-542912.570303986,206064.959995854,-21548.7517666881,38978.8021072456,978.066551420095,0,102,65,324,288,81,94
405,6.0550116783,"Styx",-73905.4598673336,-449314.010224914,-63902.8232983704,-71277.2528902162,-52984.3085255397,-79310.5963893915,0,377,386,310,373,384,375
406,12.9472923589,"Styx",-164611.29154718,-894363.543976645,-149204.120639928,-153007.294728079,-119941.621321086,-175281.331022569,0,402,406,364,400,405,401
407,1.10495424062,"Styx",73.2258706441808,-74661.4281924215,21303.1643138299,-4747.23130852249,10083.5373052034,-4431.22041446907,0,198,267,24,112,182,195
408,10.6830687937,"Styx",-117705.116702245,-719838.234496755,-96959.3070662113,-113396.734526445,-80847.271245606,-126509.181384378,0,393,401,349,390,398,391
409,4.82999773778,"Styx",-1385.3716293047,-328066.963308464,105122.015572729,-17277.4574045302,15278.6953060953,-5365.84095270176,0,244,110,277,257,143,213
410,4.95044578306,"Styx",-45311.6063718991,-380139.818667241,-10248.8174577272,-50777.5843794911,-27871.5164497754,-54272.3401946204,0,353,289,294,358,347,357
411,1.904651593,"Styx",-25750.5385638419,-154573.500348804,-23204.0444313725,-24691.7291708937,-19179.2724999682,-27320.1867826428,0,322,334,161,310,331,315
412,2.96319066102,"Styx",-12604.237125172,-213022.517659556,27485.8750279581,-21194.1841958694,-1960.47208057268,-20739.108611272,0,265,237,216,284,267,288
413,4.17633337203,"Styx",408.893354069798,-282061.473595757,80824.3739954836,-17849.1313512483,38244.4189013729,-16616.3604166049,0,192,132,257,264,83,274
414,3.90725372024,"Styx",-28086.7885397667,-292357.691699444,9687.89648570192,-34896.6460977827,-4242.07883656944,-37316.2833099961,0,327,276,260,332,270,334
415,1.5298676681,"Styx",-21123.8482347106,-124597.934974781,-19657.7949593159,-20145.4039223928,-15845.6171617374,-22384.6351092003,0,296,317,111,278,310,293
416,2.84919593001,"Styx",-18194.3786606885,-210902.514762065,15787.4568716016,-22518.3492863999,-8364.3042274914,-20542.443504627,0,288,273,212,297,275,287
417,7.62444337849,"Styx",-29784.275391174,-502497.027748077,82426.5319971071,-44659.2813681303,-3479.0624501923,-36067.6810905697,0,328,127,322,355,269,332
418,19.510228364,"Styx",-99223.4462683391,-1198884.49503235,118793.114971927,-124994.799432893,-31910.8626979354,-115302.094717081,0,386,99,373,394,356,389
419,2.5007134814,"Styx",11983.6496209005,-157154.537349094,83839.1681064671,-986.347415813198,20807.115299266,7272.92581334554,0,92,125,164,56,124,71
420,1.83846173013,"Styx",92.3324565108742,-124253.813617698,41447.9910387299,-6136.84029972577,6435.23525113936,-1422.76767439856,0,196,202,110,130,217,127
421,2.0590666378,"Styx",-615.17447288155,-139882.147901969,44757.4475908361,-7382.95339905356,6488.85871649198,-2312.08233410871,0,230,196,134,151,216,152
422,2.7205915403,"Styx",-2971.66675711717,-186981.519958945,46560.7303213587,-14183.1016115273,6954.37182571259,-12521.6906420365,0,254,191,193,224,210,253
425,4.53139184765,"Styx",-60686.0649961024,-367171.157055931,-53867.7576873225,-58334.8885706959,-45052.237610926,-64420.4457181207,0,368,379,292,365,374,366
426,3.60779872782,"Styx",-30211.5448799016,-274228.51856155,-437.75361135554,-35057.528457963,-17090.2781284307,-36916.6193983459,0,330,279,253,333,316,333
427,4.08823370076,"Styx",-3806.54153263252,-280318.201584571,71492.6350300965,-20845.5013463401,11109.3144822327,-18157.3603429067,0,255,144,256,281,172,281
428,1.86780783382,"Styx",-25348.0656629346,-151679.063984183,-23217.6989186416,-24281.9374334708,-18903.9019232638,-26887.3535318651,0,316,335,154,306,328,311
429,1.10258523545,"Styx",331.434078361171,-74242.9900173946,21855.8294662365,-4553.78159474142,10320.2744616511,-4163.35064949092,0,194,266,22,106,179,186
430,1.05769737263,"Styx",-5.87126399317458,-71544.2611275976,23709.1207747373,-3572.4708355852,3643.31788664298,-877.536357855923,0,201,259,10,76,249,111
431,1.06840723608,"Styx",-316.51137165301,-72579.2732595227,23229.9519935744,-3828.95413007079,3369.62853610077,-1197.00272358068,0,215,261,14,83,255,119
432,9.56734879487,"Styx",-119648.097427929,-712820.288114088,-107622.446912543,-114400.525790358,-86639.6169321937,-127532.681937494,0,394,403,348,391,402,392
433,3.21775911729,"Styx",-43417.3872966349,-261053.652807512,-39001.9581939866,-41653.6436461895,-32315.7376026282,-46069.1874974743,0,351,365,240,347,359,350
434,104.943610343,"Styx",-922669.349506497,-5358896.28022114,-797370.053200235,-872868.633245084,-560601.576942829,-1009154.81954615,0,418,419,413,417,419,418
435,4.43872752109,"Styx",-60621.8555238441,-360839.50578847,-55491.3710228072,-57976.7239064604,-45307.7160149065,-64279.8738674967,0,366,380,289,364,375,365
436,1.81441598521,"Styx",-24778.1234472515,-147497.912191697,-22677.9897240093,-23697.5242766456,-18518.1614743885,-26273.4118840544,0,313,333,145,303,324,309
437,4.66489788508,"Styx",-63546.1520744701,-379061.054741717,-57937.6428668278,-60814.0884715502,-47451.6995181662,-67390.5602207879,0,369,381,293,367,376,368
438,1.63270070009,"Styx",-22604.5046877759,-133033.803498634,-21119.8829448072,-21542.6279333581,-16971.4980448302,-23950.0351772811,0,304,325,124,287,315,300
439,3.2344677009,"Styx",-43407.8291186608,-262174.19592249,-38660.2483681525,-41703.2324682441,-32248.5279632688,-46073.4002599544,0,350,363,242,349,358,351
440,1.21176135217,"Styx",-765.319404500018,-82723.9762721395,25405.821039073,-4630.94284519046,3415.39482937998,-1763.94745984569,0,238,250,48,108,254,138
441,1.25237755071,"Styx",-118.127205458064,-84823.9001396782,27815.56836155,-4308.88316725205,4202.73079631343,-1150.23076057939,0,205,235,54,98,242,115
442,7.58685081179,"Styx",-95487.4736114203,-565869.500328331,-86747.2390127181,-91149.6842987462,-69311.9505826749,-101739.900875647,0,384,398,328,383,393,383
443,3.3571496377,"Styx",-45691.9452747827,-272756.024119058,-41595.3841889819,-43737.3522382212,-34109.3837194663,-48458.6186886631,0,354,367,249,352,361,353
444,1.20197992705,"Styx",-16847.660955556,-98144.7416278077,-16026.3033707803,-16005.9192988036,-12700.6888696322,-17838.2291786071,0,285,312,78,248,296,280
445,12.2873544412,"Styx",-139195.743869303,-831751.710885923,-122090.231733817,-133131.604159883,-96802.9441055995,-149321.917728691,0,400,405,358,396,404,398
446,1.2331276211,"Styx",-17284.0579691033,-100687.843203512,-16441.2074875945,-16420.5677249512,-13029.5586328777,-18300.3298598193,0,286,313,85,250,299,282
447,1.41845345623,"Styx",-224.134588765741,-96162.6128160877,31294.9003835971,-4944.36256610701,4669.6844059584,-1393.09871128594,0,208,225,74,117,237,124
448,1.79606917422,"Styx",-24153.1936464212,-145632.077996737,-21581.6958865012,-23192.3360355723,-17956.5413274432,-25633.3595962501,0,310,327,142,300,321,306
449,1.0594192106,"Styx",-1660.48409764037,-73315.3321459461,16965.5856083376,-5880.02066843277,2204.79651995415,-5379.34151612727,0,247,271,16,126,265,214
450,4.30992709113,"Styx",-25521.1164396947,-317027.224431915,23331.0866505781,-32643.5589649727,-10651.3520490345,-29072.9889347234,0,320,260,270,328,284,322
451,4.73697245923,"Shoalwater",16470.8057291884,-303918.930816084,118529.554484344,-8890.68680418644,59385.4579362238,-2839.95667561991,0,82,100,266,175,60,167
452,1.32558664139,"Styx",-18242.397278344,-107899.73821883,-16892.0827848193,-17412.2788190325,-13668.9561833343,-19334.8341997522,0,290,314,93,260,303,284
453,1.22283651703,"Styx",-12826.6847092473,-95534.4211170848,-6315.6538272638,-13224.0108075951,-8607.74317481989,-13834.4439447386,0,266,281,72,209,276,254
454,5.77523708458,"Styx",-72386.2120484002,-430448.838032009,-65339.9367282144,-69171.5384103532,-52460.9561626859,-77145.6666354096,0,374,388,306,370,382,372
